날짜,종가,오픈,고가,저가,거래량,변동 %
2020-01-01,7199.80 ,7196.40 ,7259.40 ,7180.00 ,420.28K,0.05%
2020-01-02,6967.00 ,7199.70 ,7209.60 ,6901.40 ,632.78K,-3.23%
2020-01-03,7343.10 ,6967.10 ,7402.90 ,6884.10 ,936.29K,5.40%
2020-01-04,7376.80 ,7345.10 ,7433.10 ,7291.40 ,523.91K,0.46%
2020-01-05,7372.50 ,7376.80 ,7501.00 ,7345.60 ,628.14K,-0.06%
2020-01-06,7759.10 ,7372.60 ,7783.10 ,7366.70 ,786.75K,5.24%
2020-01-07,8155.70 ,7759.10 ,8182.00 ,7754.10 ,1.01M,5.11%
2020-01-08,8059.60 ,8154.20 ,8436.40 ,7900.80 ,1.19M,-1.18%
2020-01-09,7842.40 ,8060.00 ,8065.90 ,7779.20 ,786.50K,-2.70%
2020-01-10,8187.10 ,7842.50 ,8187.40 ,7697.70 ,1.05M,4.40%
2020-01-11,8024.10 ,8187.80 ,8262.90 ,8008.40 ,776.75K,-1.99%
2020-01-12,8187.60 ,8023.30 ,8189.90 ,7973.10 ,595.22K,2.04%
2020-01-13,8111.40 ,8188.30 ,8196.70 ,8068.40 ,610.66K,-0.93%
2020-01-14,8829.20 ,8111.20 ,8898.70 ,8111.20 ,1.48M,8.85%
2020-01-15,8818.30 ,8827.90 ,8904.00 ,8615.50 ,1.17M,-0.12%
2020-01-16,8726.90 ,8818.10 ,8850.00 ,8605.80 ,748.32K,-1.04%
2020-01-17,8913.10 ,8726.70 ,9005.10 ,8675.90 ,794.11K,2.13%
2020-01-18,8916.30 ,8913.00 ,8982.30 ,8814.60 ,627.74K,0.04%
2020-01-19,8706.20 ,8916.30 ,9183.70 ,8552.80 ,975.01K,-2.36%
2020-01-20,8641.90 ,8705.70 ,8740.10 ,8539.20 ,599.06K,-0.74%
2020-01-21,8732.60 ,8642.00 ,8770.30 ,8524.00 ,540.20K,1.05%
2020-01-22,8678.50 ,8733.00 ,8805.40 ,8610.80 ,509.06K,-0.62%
2020-01-23,8405.10 ,8678.50 ,8687.30 ,8309.60 ,722.67K,-3.15%
2020-01-24,8439.90 ,8404.90 ,8522.00 ,8242.60 ,617.02K,0.41%
2020-01-25,8341.60 ,8439.90 ,8447.60 ,8277.20 ,444.00K,-1.17%
2020-01-26,8607.80 ,8341.60 ,8607.80 ,8304.90 ,468.34K,3.19%
2020-01-27,8866.60 ,8608.10 ,8983.10 ,8585.60 ,706.45K,3.01%
2020-01-28,9377.30 ,8866.60 ,9389.50 ,8866.60 ,954.20K,5.76%
2020-01-29,9298.90 ,9377.30 ,9428.70 ,9250.90 ,749.88K,-0.84%
2020-01-30,9507.30 ,9299.10 ,9569.00 ,9209.20 ,765.21K,2.24%
2020-01-31,9349.10 ,9508.30 ,9525.00 ,9222.30 ,633.37K,-1.66%
2020-02-01,9381.60 ,9349.30 ,9458.80 ,9301.50 ,458.42K,0.35%
2020-02-02,9334.90 ,9381.50 ,9465.40 ,9183.10 ,683.37K,-0.50%
2020-02-03,9296.60 ,9334.60 ,9582.80 ,9243.10 ,701.39K,-0.41%
2020-02-04,9193.90 ,9296.50 ,9347.50 ,9193.90 ,651.68K,-1.10%
2020-02-05,9611.80 ,9194.10 ,9726.80 ,9179.90 ,771.46K,4.54%
2020-02-06,9772.00 ,9611.80 ,9854.90 ,9536.10 ,778.67K,1.67%
2020-02-07,9818.60 ,9771.90 ,9872.50 ,9738.70 ,608.96K,0.48%
2020-02-08,9895.50 ,9817.30 ,9931.20 ,9673.20 ,551.31K,0.78%
2020-02-09,10151.50 ,9895.40 ,10157.10 ,9882.70 ,617.35K,2.59%
2020-02-10,9854.10 ,10151.50 ,10181.70 ,9774.80 ,781.22K,-2.93%
2020-02-11,10229.50 ,9854.00 ,10314.10 ,9725.10 ,791.28K,3.81%
2020-02-12,10317.70 ,10229.30 ,10435.60 ,10229.30 ,803.25K,0.86%
2020-02-13,10235.10 ,10321.90 ,10482.60 ,10116.90 ,940.30K,-0.80%
2020-02-14,10333.00 ,10235.50 ,10372.40 ,10125.20 ,732.51K,0.96%
2020-02-15,9907.70 ,10336.00 ,10369.80 ,9831.70 ,808.81K,-4.12%
2020-02-16,9932.30 ,9907.40 ,10056.40 ,9654.90 ,808.91K,0.25%
2020-02-17,9701.40 ,9931.70 ,9951.50 ,9468.90 ,961.88K,-2.32%
2020-02-18,10158.40 ,9701.50 ,10230.10 ,9601.60 ,945.91K,4.71%
2020-02-19,9609.40 ,10158.60 ,10230.90 ,9424.30 ,905.95K,-5.40%
2020-02-20,9602.40 ,9611.90 ,9681.40 ,9448.90 ,870.80K,-0.07%
2020-02-21,9684.50 ,9602.20 ,9747.10 ,9574.50 ,716.61K,0.85%
2020-02-22,9655.70 ,9684.50 ,9706.50 ,9569.80 ,589.88K,-0.30%
2020-02-23,9942.70 ,9655.60 ,9965.60 ,9653.40 ,775.88K,2.97%
2020-02-24,9662.70 ,9943.20 ,9981.00 ,9507.00 ,980.00K,-2.82%
2020-02-25,9317.20 ,9662.60 ,9672.30 ,9269.80 ,937.97K,-3.57%
2020-02-26,8800.30 ,9317.10 ,9368.10 ,8672.00 ,1.32M,-5.55%
2020-02-27,8818.60 ,8800.10 ,8968.30 ,8538.50 ,1.13M,0.21%
2020-02-28,8697.50 ,8820.10 ,8898.70 ,8451.90 ,1.08M,-1.37%
2020-02-29,8543.70 ,8697.10 ,8793.70 ,8539.80 ,683.44K,-1.77%
2020-03-01,8540.00 ,8543.80 ,8737.20 ,8437.20 ,784.05K,-0.04%
2020-03-02,8904.80 ,8537.50 ,8961.80 ,8503.10 ,1.02M,4.27%
2020-03-03,8761.40 ,8906.10 ,8911.70 ,8669.30 ,1.01M,-1.61%
2020-03-04,8757.90 ,8761.30 ,8840.30 ,8679.70 ,759.69K,-0.04%
2020-03-05,9060.30 ,8757.90 ,9147.30 ,8751.50 ,950.76K,3.45%
2020-03-06,9134.80 ,9060.60 ,9165.20 ,9004.90 ,1.04M,0.82%
2020-03-07,8887.80 ,9134.20 ,9180.80 ,8848.70 ,750.65K,-2.70%
2020-03-08,8034.10 ,8887.80 ,8888.00 ,8015.30 ,1.11M,-9.61%
2020-03-09,7933.00 ,8035.80 ,8158.80 ,7648.70 ,1.54M,-1.26%
2020-03-10,7891.20 ,7933.00 ,8145.50 ,7740.20 ,1.20M,-0.53%
2020-03-11,7935.10 ,7892.10 ,7976.50 ,7606.00 ,1.10M,0.56%
2020-03-12,4826.00 ,7935.20 ,7963.10 ,4546.60 ,3.22M,-39.18%
2020-03-13,5584.30 ,4815.20 ,5934.30 ,3869.50 ,4.17M,15.71%
2020-03-14,5182.70 ,5589.40 ,5634.90 ,5072.20 ,1.69M,-7.19%
2020-03-15,5366.30 ,5182.90 ,5863.30 ,5120.60 ,1.61M,3.54%
2020-03-16,5030.00 ,5366.40 ,5369.30 ,4477.70 ,2.55M,-6.27%
2020-03-17,5261.10 ,5030.20 ,5432.80 ,4946.50 ,1.89M,4.59%
2020-03-18,5361.40 ,5260.70 ,5373.10 ,5020.90 ,1.80M,1.91%
2020-03-19,6172.00 ,5359.20 ,6379.50 ,5256.00 ,2.18M,15.12%
2020-03-20,6205.30 ,6171.60 ,6858.10 ,5748.20 ,2.22M,0.54%
2020-03-21,6186.20 ,6205.60 ,6438.30 ,5887.00 ,1.64M,-0.31%
2020-03-22,5822.10 ,6186.90 ,6394.40 ,5771.20 ,1.48M,-5.89%
2020-03-23,6468.90 ,5822.00 ,6564.70 ,5710.80 ,1.88M,11.11%
2020-03-24,6744.60 ,6468.80 ,6814.20 ,6380.80 ,1.73M,4.26%
2020-03-25,6678.90 ,6744.80 ,6930.20 ,6474.60 ,1.52M,-0.97%
2020-03-26,6725.10 ,6677.90 ,6772.90 ,6541.70 ,1.18M,0.69%
2020-03-27,6373.40 ,6725.50 ,6813.70 ,6322.30 ,1.16M,-5.23%
2020-03-28,6233.70 ,6373.40 ,6374.30 ,6046.50 ,1.26M,-2.19%
2020-03-29,5890.40 ,6233.20 ,6258.80 ,5889.30 ,916.17K,-5.51%
2020-03-30,6391.00 ,5890.40 ,6576.50 ,5872.50 ,1.43M,8.50%
2020-03-31,6412.50 ,6391.10 ,6513.10 ,6346.30 ,1.05M,0.34%
2020-04-01,6638.50 ,6412.40 ,6661.30 ,6157.40 ,1.40M,3.52%
2020-04-02,6800.50 ,6638.80 ,7182.70 ,6567.90 ,1.74M,2.44%
2020-04-03,6735.90 ,6799.90 ,7026.30 ,6623.60 ,1.35M,-0.95%
2020-04-04,6857.40 ,6735.90 ,6958.60 ,6679.10 ,1.05M,1.80%
2020-04-05,6772.70 ,6857.50 ,6889.40 ,6686.00 ,842.33K,-1.23%
2020-04-06,7332.30 ,6772.80 ,7335.00 ,6770.10 ,1.53M,8.26%
2020-04-07,7185.20 ,7332.30 ,7440.30 ,7101.70 ,1.32M,-2.01%
2020-04-08,7361.20 ,7185.60 ,7396.10 ,7153.10 ,983.94K,2.45%
2020-04-09,7289.00 ,7361.10 ,7361.10 ,7140.30 ,963.55K,-0.98%
2020-04-10,6863.10 ,7289.00 ,7294.40 ,6756.10 ,1.37M,-5.84%
2020-04-11,6867.80 ,6862.70 ,6931.40 ,6765.10 ,845.58K,0.07%
2020-04-12,6917.60 ,6867.90 ,7158.80 ,6785.10 ,1.10M,0.73%
2020-04-13,6841.30 ,6918.10 ,6920.30 ,6618.50 ,1.25M,-1.10%
2020-04-14,6850.90 ,6841.80 ,6970.80 ,6768.60 ,999.53K,0.14%
2020-04-15,6629.10 ,6851.30 ,6929.50 ,6615.90 ,1.00M,-3.24%
2020-04-16,7085.60 ,6629.10 ,7159.70 ,6520.50 ,1.54M,6.89%
2020-04-17,7035.80 ,7085.50 ,7142.80 ,7005.80 ,810.10K,-0.70%
2020-04-18,7230.80 ,7035.90 ,7259.40 ,7031.50 ,796.45K,2.77%
2020-04-19,7122.90 ,7230.90 ,7238.00 ,7079.10 ,5.93M,-1.49%
2020-04-20,6833.50 ,7122.90 ,7207.50 ,6771.20 ,1.26M,-4.06%
2020-04-21,6842.50 ,6833.40 ,6919.30 ,6774.30 ,892.57K,0.13%
2020-04-22,7112.90 ,6842.50 ,7137.40 ,6821.80 ,914.18K,3.95%
2020-04-23,7488.50 ,7112.80 ,7655.40 ,7036.50 ,1.34M,5.28%
2020-04-24,7503.80 ,7491.30 ,7583.50 ,7423.50 ,951.95K,0.20%
2020-04-25,7540.40 ,7503.90 ,7684.60 ,7451.00 ,861.93K,0.49%
2020-04-26,7678.90 ,7540.40 ,7679.40 ,7520.50 ,921.59K,1.84%
2020-04-27,7766.00 ,7679.40 ,7768.50 ,7637.70 ,980.50K,1.13%
2020-04-28,7746.90 ,7766.00 ,7770.10 ,7655.30 ,808.09K,-0.25%
2020-04-29,8770.90 ,7746.70 ,8918.50 ,7729.70 ,1.83M,13.22%
2020-04-30,8629.00 ,8770.60 ,9437.50 ,8425.50 ,2.04M,-1.62%
2020-05-01,8821.60 ,8628.60 ,9040.30 ,8621.00 ,1.11M,2.23%
2020-05-02,8966.30 ,8821.60 ,8986.20 ,8771.30 ,890.34K,1.64%
2020-05-03,8885.50 ,8966.20 ,9169.90 ,8742.20 ,1.15M,-0.90%
2020-05-04,8874.70 ,8885.50 ,8945.50 ,8553.20 ,1.12M,-0.12%
2020-05-05,9001.00 ,8874.20 ,9078.70 ,8800.40 ,1.05M,1.42%
2020-05-06,9151.40 ,9000.60 ,9373.70 ,8923.60 ,1.62M,1.67%
2020-05-07,9979.80 ,9152.70 ,10033.00 ,9064.80 ,1.91M,9.05%
2020-05-08,9806.20 ,9980.10 ,10018.20 ,9731.40 ,1.42M,-1.74%
2020-05-09,9554.60 ,9806.00 ,9910.50 ,9533.60 ,1.49M,-2.57%
2020-05-10,8738.80 ,9553.90 ,9569.40 ,8259.30 ,2.47M,-8.54%
2020-05-11,8579.80 ,8737.60 ,9129.60 ,8235.60 ,2.29M,-1.82%
2020-05-12,8813.80 ,8569.80 ,8964.50 ,8542.80 ,1.35M,2.73%
2020-05-13,9298.70 ,8813.90 ,9384.60 ,8799.10 ,1.50M,5.50%
2020-05-14,9778.40 ,9298.70 ,9887.50 ,9265.80 ,1.77M,5.16%
2020-05-15,9318.00 ,9778.60 ,9819.60 ,9223.20 ,1.56M,-4.71%
2020-05-16,9379.50 ,9318.10 ,9579.00 ,9233.00 ,1.10M,0.66%
2020-05-17,9677.70 ,9376.60 ,9866.00 ,9327.80 ,1.18M,3.18%
2020-05-18,9730.70 ,9678.40 ,9930.20 ,9524.40 ,1.18M,0.55%
2020-05-19,9773.30 ,9730.80 ,9883.90 ,9498.70 ,1.16M,0.44%
2020-05-20,9512.30 ,9773.00 ,9829.30 ,9368.40 ,1.15M,-2.67%
2020-05-21,9059.00 ,9511.60 ,9567.10 ,8833.60 ,1.41M,-4.76%
2020-05-22,9169.70 ,9058.20 ,9253.50 ,8952.10 ,914.59K,1.22%
2020-05-23,9177.00 ,9169.80 ,9303.20 ,9098.90 ,812.56K,0.08%
2020-05-24,8728.20 ,9177.90 ,9292.00 ,8724.10 ,1.11M,-4.89%
2020-05-25,8898.20 ,8728.00 ,8959.50 ,8666.10 ,941.89K,1.95%
2020-05-26,8842.50 ,8897.70 ,8994.60 ,8713.90 ,784.92K,-0.63%
2020-05-27,9199.10 ,8842.30 ,9210.90 ,8818.60 ,810.89K,4.03%
2020-05-28,9572.20 ,9199.80 ,9610.80 ,9119.20 ,948.86K,4.06%
2020-05-29,9424.80 ,9573.40 ,9596.50 ,9358.10 ,814.33K,-1.54%
2020-05-30,9692.50 ,9424.80 ,9729.90 ,9352.70 ,720.62K,2.84%
2020-05-31,9454.80 ,9692.90 ,9695.60 ,9406.20 ,645.27K,-2.45%
2020-06-01,10189.30 ,9454.50 ,10301.80 ,9429.70 ,796.68K,7.77%
2020-06-02,9527.60 ,10190.70 ,10207.30 ,9347.30 ,1.06M,-6.49%
2020-06-03,9667.20 ,9527.00 ,9667.20 ,9421.70 ,558.12K,1.47%
2020-06-04,9794.40 ,9667.20 ,9864.40 ,9490.90 ,593.66K,1.32%
2020-06-05,9631.20 ,9794.00 ,9846.10 ,9628.70 ,527.05K,-1.67%
2020-06-06,9669.60 ,9630.80 ,9733.10 ,9549.50 ,370.85K,0.40%
2020-06-07,9742.60 ,9669.60 ,9791.80 ,9417.40 ,549.20K,0.76%
2020-06-08,9777.90 ,9743.40 ,9788.20 ,9662.30 ,431.04K,0.36%
2020-06-09,9768.80 ,9777.70 ,9857.20 ,9616.60 ,479.55K,-0.09%
2020-06-10,9878.80 ,9768.80 ,9970.90 ,9710.70 ,533.55K,1.13%
2020-06-11,9283.20 ,9878.90 ,9945.20 ,9139.10 ,919.30K,-6.03%
2020-06-12,9466.60 ,9283.70 ,9547.50 ,9249.40 ,529.28K,1.97%
2020-06-13,9471.30 ,9466.50 ,9484.90 ,9369.90 ,364.97K,0.05%
2020-06-14,9345.30 ,9470.70 ,9474.70 ,9264.40 ,311.27K,-1.33%
2020-06-15,9425.40 ,9345.50 ,9489.70 ,8925.60 ,750.90K,0.86%
2020-06-16,9523.50 ,9425.60 ,9577.10 ,9379.30 ,545.47K,1.04%
2020-06-17,9464.60 ,9523.60 ,9543.60 ,9258.20 ,446.45K,-0.62%
2020-06-18,9388.10 ,9464.60 ,9480.40 ,9289.30 ,391.67K,-0.81%
2020-06-19,9314.00 ,9390.30 ,9424.00 ,9249.60 ,478.49K,-0.79%
2020-06-20,9358.80 ,9314.00 ,9394.50 ,9199.80 ,383.44K,0.48%
2020-06-21,9296.40 ,9358.80 ,9411.20 ,9288.50 ,335.99K,-0.67%
2020-06-22,9683.70 ,9296.50 ,9751.90 ,9285.80 ,523.32K,4.17%
2020-06-23,9624.60 ,9683.90 ,9715.60 ,9581.80 ,375.49K,-0.61%
2020-06-24,9302.00 ,9624.60 ,9667.40 ,9223.00 ,515.78K,-3.35%
2020-06-25,9247.50 ,9300.80 ,9327.30 ,9022.60 ,524.45K,-0.59%
2020-06-26,9160.00 ,9247.50 ,9296.50 ,9060.10 ,489.84K,-0.95%
2020-06-27,9008.30 ,9160.50 ,9190.50 ,8865.30 ,441.93K,-1.66%
2020-06-28,9124.00 ,9008.40 ,9185.50 ,8950.20 ,329.01K,1.28%
2020-06-29,9185.40 ,9122.80 ,9229.10 ,9033.60 ,401.12K,0.67%
2020-06-30,9135.40 ,9186.00 ,9199.80 ,9075.30 ,381.73K,-0.54%
2020-07-01,9229.90 ,9135.90 ,9289.00 ,9101.10 ,366.78K,1.03%
2020-07-02,9085.10 ,9229.90 ,9259.70 ,8962.10 ,483.10K,-1.57%
2020-07-03,9067.10 ,9085.00 ,9120.40 ,9050.90 ,333.88K,-0.20%
2020-07-04,9134.40 ,9067.10 ,9182.30 ,9049.60 ,261.25K,0.74%
2020-07-05,9081.00 ,9134.30 ,9149.60 ,8932.10 ,314.10K,-0.58%
2020-07-06,9339.00 ,9080.40 ,9363.00 ,9063.20 ,510.27K,2.84%
2020-07-07,9256.00 ,9338.80 ,9371.20 ,9209.30 ,420.55K,-0.89%
2020-07-08,9429.90 ,9256.30 ,9458.30 ,9233.10 ,509.94K,1.88%
2020-07-09,9235.70 ,9430.10 ,9434.50 ,9176.00 ,444.27K,-2.06%
2020-07-10,9285.10 ,9239.00 ,9309.80 ,9131.90 ,418.47K,0.53%
2020-07-11,9233.30 ,9285.80 ,9295.50 ,9184.20 ,353.92K,-0.56%
2020-07-12,9300.80 ,9234.20 ,9337.80 ,9170.40 ,366.88K,0.73%
2020-07-13,9243.60 ,9300.50 ,9329.60 ,9207.60 ,456.87K,-0.62%
2020-07-14,9253.40 ,9243.10 ,9274.80 ,9135.70 ,453.83K,0.11%
2020-07-15,9198.70 ,9253.60 ,9270.20 ,9168.70 ,429.84K,-0.59%
2020-07-16,9135.30 ,9198.70 ,9224.20 ,9052.00 ,429.04K,-0.69%
2020-07-17,9155.80 ,9135.40 ,9181.90 ,9091.50 ,310.92K,0.22%
2020-07-18,9170.20 ,9155.80 ,9198.80 ,9126.70 ,276.40K,0.16%
2020-07-19,9208.00 ,9170.10 ,9224.80 ,9106.40 ,265.25K,0.41%
2020-07-20,9162.40 ,9208.10 ,9218.40 ,9139.90 ,312.98K,-0.50%
2020-07-21,9387.30 ,9162.30 ,9426.90 ,9155.10 ,458.99K,2.46%
2020-07-22,9513.70 ,9387.40 ,9523.10 ,9296.00 ,386.00K,1.35%
2020-07-23,9599.60 ,9513.60 ,9646.50 ,9451.10 ,425.66K,0.90%
2020-07-24,9546.40 ,9599.20 ,9626.20 ,9480.50 ,359.16K,-0.55%
2020-07-25,9704.10 ,9546.70 ,9729.30 ,9536.20 ,306.29K,1.65%
2020-07-26,9932.50 ,9690.00 ,10086.60 ,9645.90 ,415.07K,2.35%
2020-07-27,11022.80 ,9932.70 ,11367.00 ,9894.60 ,908.99K,10.98%
2020-07-28,10908.50 ,10961.10 ,11046.10 ,10873.60 ,658.37K,-1.04%
2020-07-29,11105.90 ,10908.40 ,11336.50 ,10771.80 ,576.83K,1.81%
2020-07-30,11096.20 ,11105.80 ,11164.40 ,10861.60 ,501.14K,-0.09%
2020-07-31,11333.40 ,11096.50 ,11434.80 ,10964.60 ,530.95K,2.14%
2020-08-01,11803.10 ,11333.20 ,11847.70 ,11226.10 ,611.47K,4.14%
2020-08-02,11066.80 ,11802.60 ,12061.10 ,10730.70 ,647.95K,-6.24%
2020-08-03,11224.40 ,11066.90 ,11461.10 ,10981.60 ,470.24K,1.42%
2020-08-04,11184.70 ,11223.80 ,11407.80 ,11043.00 ,485.79K,-0.35%
2020-08-05,11735.10 ,11184.80 ,11771.50 ,11114.50 ,570.83K,4.92%
2020-08-06,11757.10 ,11735.00 ,11898.40 ,11563.00 ,554.85K,0.19%
2020-08-07,11592.00 ,11757.10 ,11901.80 ,11352.40 ,517.00K,-1.40%
2020-08-08,11764.30 ,11591.60 ,11805.50 ,11533.50 ,317.06K,1.49%
2020-08-09,11681.20 ,11764.40 ,11792.80 ,11527.50 ,303.00K,-0.71%
2020-08-10,11889.20 ,11681.10 ,12041.10 ,11546.90 ,564.11K,1.78%
2020-08-11,11390.40 ,11889.20 ,11931.80 ,11146.70 ,615.90K,-4.19%
2020-08-12,11557.20 ,11390.40 ,11605.40 ,11190.60 ,549.59K,1.46%
2020-08-13,11770.90 ,11557.20 ,11772.90 ,11298.40 ,545.67K,1.85%
2020-08-14,11750.80 ,11771.10 ,11835.50 ,11651.50 ,435.44K,-0.17%
2020-08-15,11845.30 ,11751.10 ,11964.00 ,11711.50 ,499.10K,0.80%
2020-08-16,11899.00 ,11845.50 ,11922.50 ,11688.90 ,410.81K,0.45%
2020-08-17,12282.60 ,11898.80 ,12444.10 ,11764.00 ,628.41K,3.22%
2020-08-18,11947.60 ,12283.00 ,12381.40 ,11842.00 ,606.79K,-2.73%
2020-08-19,11750.20 ,11944.40 ,12013.20 ,11602.60 ,550.26K,-1.65%
2020-08-20,11856.90 ,11751.00 ,11881.00 ,11672.70 ,430.93K,0.91%
2020-08-21,11529.20 ,11856.90 ,11877.40 ,11495.60 ,506.38K,-2.76%
2020-08-22,11661.30 ,11529.20 ,11677.00 ,11382.10 ,433.98K,1.15%
2020-08-23,11641.60 ,11661.10 ,11705.40 ,11520.80 ,377.33K,-0.17%
2020-08-24,11753.50 ,11641.60 ,11824.60 ,11587.10 ,429.13K,0.96%
2020-08-25,11324.80 ,11752.90 ,11766.90 ,11131.00 ,594.07K,-3.65%
2020-08-26,11462.30 ,11324.90 ,11533.60 ,11254.60 ,513.06K,1.21%
2020-08-27,11327.40 ,11462.30 ,11580.30 ,11135.30 ,560.59K,-1.18%
2020-08-28,11527.40 ,11327.50 ,11539.00 ,11281.90 ,464.94K,1.77%
2020-08-29,11468.10 ,11527.80 ,11576.80 ,11433.50 ,389.85K,-0.51%
2020-08-30,11702.00 ,11468.10 ,11704.20 ,11462.60 ,409.36K,2.04%
2020-08-31,11644.20 ,11701.10 ,11760.20 ,11563.80 ,496.14K,-0.49%
2020-09-01,11914.90 ,11644.20 ,12045.90 ,11544.60 ,580.69K,2.32%
2020-09-02,11413.30 ,11914.40 ,11947.50 ,11244.90 ,20.26M,-4.21%
2020-09-03,10168.80 ,11413.20 ,11442.70 ,10009.50 ,9.65M,-10.90%
2020-09-04,10472.50 ,10168.70 ,10614.20 ,9960.30 ,12.50M,2.99%
2020-09-05,10092.20 ,10472.30 ,10558.70 ,9897.80 ,14.72M,-3.63%
2020-09-06,10296.40 ,10092.20 ,10337.70 ,10004.70 ,12.12M,2.02%
2020-09-07,10376.90 ,10296.40 ,10400.90 ,9887.00 ,12.40M,0.78%
2020-09-08,10126.60 ,10376.90 ,10434.40 ,9877.10 ,113.90K,-2.41%
2020-09-09,10224.60 ,10126.80 ,10343.30 ,9984.60 ,71.37K,0.97%
2020-09-10,10339.70 ,10224.30 ,10480.30 ,10219.20 ,88.01K,1.13%
2020-09-11,10390.20 ,10339.80 ,10398.80 ,10212.60 ,62.28K,0.49%
2020-09-12,10441.90 ,10390.20 ,10476.80 ,10275.90 ,48.49K,0.50%
2020-09-13,10326.00 ,10441.70 ,10579.60 ,10219.40 ,66.12K,-1.11%
2020-09-14,10675.30 ,10332.70 ,10744.30 ,10264.50 ,96.64K,3.38%
2020-09-15,10785.30 ,10675.20 ,10931.80 ,10627.80 ,91.70K,1.03%
2020-09-16,10949.50 ,10785.20 ,11093.30 ,10669.20 ,94.94K,1.52%
2020-09-17,10941.30 ,10950.10 ,11039.30 ,10755.20 ,77.22K,-0.07%
2020-09-18,10933.00 ,10941.30 ,11029.70 ,10818.70 ,63.48K,-0.08%
2020-09-19,11081.80 ,10933.00 ,11177.10 ,10890.70 ,51.63K,1.36%
2020-09-20,10921.50 ,11081.60 ,11081.60 ,10772.70 ,53.39K,-1.45%
2020-09-21,10416.80 ,10919.90 ,10987.20 ,10328.50 ,109.85K,-4.62%
2020-09-22,10531.50 ,10419.40 ,10570.70 ,10361.70 ,63.52K,1.10%
2020-09-23,10237.30 ,10531.50 ,10535.40 ,10146.60 ,74.95K,-2.79%
2020-09-24,10739.40 ,10238.10 ,10787.80 ,10201.00 ,82.95K,4.90%
2020-09-25,10688.80 ,10739.90 ,10756.00 ,10558.90 ,71.43K,-0.47%
2020-09-26,10727.90 ,10688.90 ,10793.30 ,10650.20 ,37.85K,0.37%
2020-09-27,10776.20 ,10727.90 ,10799.20 ,10602.70 ,40.92K,0.45%
2020-09-28,10693.20 ,10776.40 ,10946.60 ,10685.20 ,72.29K,-0.77%
2020-09-29,10840.90 ,10694.30 ,10858.40 ,10642.40 ,59.64K,1.38%
2020-09-30,10776.10 ,10843.40 ,10847.70 ,10667.60 ,55.55K,-0.60%
2020-10-01,10620.50 ,10776.60 ,10913.70 ,10462.70 ,95.33K,-1.44%
2020-10-02,10572.30 ,10619.60 ,10662.90 ,10387.60 ,77.94K,-0.45%
2020-10-03,10544.20 ,10572.20 ,10597.80 ,10501.20 ,29.10K,-0.27%
2020-10-04,10672.90 ,10544.40 ,10693.30 ,10520.80 ,31.40K,1.22%
2020-10-05,10789.50 ,10672.50 ,10789.60 ,10623.40 ,48.86K,1.09%
2020-10-06,10602.60 ,10790.20 ,10800.30 ,10530.80 ,69.07K,-1.73%
2020-10-07,10670.90 ,10601.00 ,10680.10 ,10553.30 ,49.27K,0.64%
2020-10-08,10924.10 ,10670.70 ,10948.60 ,10549.60 ,79.78K,2.37%
2020-10-09,11054.20 ,10923.50 ,11103.00 ,10836.90 ,70.95K,1.19%
2020-10-10,11298.40 ,11053.50 ,11475.00 ,11053.10 ,65.81K,2.21%
2020-10-11,11371.00 ,11295.60 ,11439.40 ,11277.60 ,41.06K,0.64%
2020-10-12,11533.90 ,11370.80 ,11715.90 ,11227.40 ,84.02K,1.43%
2020-10-13,11423.80 ,11533.50 ,11558.00 ,11315.90 ,64.67K,-0.95%
2020-10-14,11420.40 ,11424.40 ,11541.00 ,11293.50 ,59.12K,-0.03%
2020-10-15,11503.00 ,11421.40 ,11590.90 ,11276.70 ,70.84K,0.72%
2020-10-16,11322.00 ,11503.20 ,11542.20 ,11224.60 ,71.42K,-1.57%
2020-10-17,11362.10 ,11321.80 ,11402.70 ,11274.40 ,29.86K,0.35%
2020-10-18,11506.90 ,11362.10 ,11506.90 ,11349.80 ,31.51K,1.27%
2020-10-19,11753.40 ,11507.10 ,11823.30 ,11413.90 ,73.04K,2.14%
2020-10-20,11913.50 ,11753.90 ,12029.40 ,11685.70 ,94.59K,1.36%
2020-10-21,12808.70 ,11913.60 ,13213.50 ,11894.60 ,197.72K,7.51%
2020-10-22,12974.60 ,12805.50 ,13183.90 ,12698.20 ,113.31K,1.30%
2020-10-23,12934.10 ,12972.70 ,13025.50 ,12738.90 ,73.94K,-0.31%
2020-10-24,13117.20 ,12933.60 ,13161.50 ,12876.40 ,51.20K,1.42%
2020-10-25,13032.20 ,13117.00 ,13345.30 ,12900.40 ,59.73K,-0.65%
2020-10-26,13061.60 ,13033.00 ,13229.70 ,12792.40 ,89.47K,0.23%
2020-10-27,13657.80 ,13061.50 ,13782.30 ,13050.30 ,128.64K,4.56%
2020-10-28,13278.90 ,13658.30 ,13851.70 ,12907.60 ,144.18K,-2.77%
2020-10-29,13457.20 ,13278.30 ,13640.00 ,12982.90 ,111.23K,1.34%
2020-10-30,13559.90 ,13457.00 ,13667.90 ,13134.50 ,108.77K,0.76%
2020-10-31,13797.30 ,13560.20 ,14065.40 ,13441.70 ,102.75K,1.75%
2020-11-01,13759.40 ,13795.50 ,13889.50 ,13628.70 ,51.71K,-0.27%
2020-11-02,13561.40 ,13759.70 ,13828.40 ,13214.20 ,97.76K,-1.44%
2020-11-03,14019.90 ,13560.50 ,14054.00 ,13294.60 ,108.17K,3.38%
2020-11-04,14145.60 ,14023.00 ,14238.80 ,13544.40 ,140.80K,0.90%
2020-11-05,15587.10 ,14145.60 ,15739.90 ,14099.70 ,227.49K,10.19%
2020-11-06,15577.90 ,15593.90 ,15955.20 ,15223.50 ,186.13K,-0.06%
2020-11-07,14828.40 ,15578.20 ,15754.40 ,14385.10 ,160.73K,-4.81%
2020-11-08,15483.70 ,14826.60 ,15648.30 ,14720.70 ,94.99K,4.42%
2020-11-09,15327.20 ,15483.30 ,15819.60 ,14816.90 ,165.04K,-1.01%
2020-11-10,15303.60 ,15328.00 ,15465.30 ,15096.50 ,93.36K,-0.15%
2020-11-11,15695.80 ,15303.10 ,15953.90 ,15281.00 ,119.07K,2.56%
2020-11-12,16294.70 ,15695.80 ,16342.70 ,15483.50 ,165.54K,3.82%
2020-11-13,16324.20 ,16293.00 ,16474.10 ,15973.40 ,113.75K,0.18%
2020-11-14,16071.00 ,16323.10 ,16328.20 ,15717.70 ,83.64K,-1.55%
2020-11-15,15953.00 ,16074.70 ,16158.10 ,15782.30 ,58.43K,-0.73%
2020-11-16,16715.80 ,15954.10 ,16880.70 ,15870.70 ,118.09K,4.78%
2020-11-17,17662.30 ,16715.80 ,17845.40 ,16562.00 ,175.87K,5.66%
2020-11-18,17774.60 ,17662.30 ,18466.10 ,17258.90 ,233.43K,0.64%
2020-11-19,17803.50 ,17775.10 ,18166.00 ,17380.10 ,135.94K,0.16%
2020-11-20,18675.20 ,17805.50 ,18811.00 ,17758.40 ,134.42K,4.90%
2020-11-21,18687.20 ,18673.80 ,18966.00 ,18397.50 ,108.91K,0.06%
2020-11-22,18412.90 ,18689.30 ,18751.50 ,17644.60 ,121.76K,-1.47%
2020-11-23,18379.60 ,18428.10 ,18756.80 ,18016.00 ,127.35K,-0.18%
2020-11-24,19152.60 ,18394.60 ,19416.60 ,18074.80 ,180.79K,4.21%
2020-11-25,18723.00 ,19151.50 ,19486.70 ,18527.70 ,146.12K,-2.24%
2020-11-26,17162.00 ,18721.90 ,18894.90 ,16235.20 ,312.07K,-8.34%
2020-11-27,17127.10 ,17160.90 ,17450.30 ,16481.60 ,138.80K,-0.20%
2020-11-28,17730.70 ,17142.60 ,17874.40 ,16874.40 ,95.20K,3.52%
2020-11-29,18185.50 ,17729.70 ,18336.30 ,17530.40 ,79.12K,2.57%
2020-11-30,19698.10 ,18186.00 ,19831.20 ,18186.00 ,185.59K,8.32%
2020-12-01,18770.70 ,19697.80 ,19897.40 ,18257.00 ,208.72K,-4.71%
2020-12-02,19218.80 ,18767.90 ,19335.50 ,18346.70 ,91.92K,2.39%
2020-12-03,19433.30 ,19219.80 ,19596.60 ,18883.70 ,99.97K,1.12%
2020-12-04,18658.10 ,19431.10 ,19529.50 ,18610.80 ,110.63K,-3.99%
2020-12-05,19146.50 ,18657.50 ,19172.70 ,18507.10 ,59.44K,2.62%
2020-12-06,19379.90 ,19146.00 ,19417.10 ,18873.00 ,54.56K,1.22%
2020-12-07,19170.70 ,19368.40 ,19424.60 ,18908.80 ,61.98K,-1.08%
2020-12-08,18326.60 ,19170.80 ,19288.60 ,18229.20 ,101.41K,-4.40%
2020-12-09,18546.00 ,18322.40 ,18637.90 ,17658.80 ,129.72K,1.20%
2020-12-10,18247.20 ,18546.10 ,18551.80 ,17926.80 ,85.31K,-1.61%
2020-12-11,18023.60 ,18250.50 ,18288.30 ,17600.10 ,111.53K,-1.23%
2020-12-12,18808.90 ,18026.70 ,18936.20 ,18025.10 ,71.37K,4.36%
2020-12-13,19176.80 ,18808.10 ,19403.60 ,18716.80 ,82.45K,1.96%
2020-12-14,19273.80 ,19176.40 ,19346.50 ,19007.00 ,67.11K,0.51%
2020-12-15,19434.90 ,19273.90 ,19556.30 ,19076.20 ,98.39K,0.84%
2020-12-16,21352.20 ,19434.70 ,21525.30 ,19299.70 ,199.81K,9.87%
2020-12-17,22825.40 ,21352.30 ,23738.00 ,21243.10 ,310.74K,6.90%
2020-12-18,23127.90 ,22823.30 ,23272.80 ,22361.50 ,131.80K,1.33%
2020-12-19,23844.00 ,23127.60 ,24107.10 ,22797.00 ,133.88K,3.10%
2020-12-20,23474.90 ,23843.60 ,24280.90 ,23098.90 ,114.09K,-1.55%
2020-12-21,22728.50 ,23474.10 ,24101.90 ,22015.50 ,154.69K,-3.18%
2020-12-22,23823.20 ,22730.40 ,23825.40 ,22388.60 ,130.75K,4.82%
2020-12-23,23257.90 ,23820.80 ,24063.70 ,22694.70 ,178.47K,-2.37%
2020-12-24,23736.50 ,23253.20 ,23783.70 ,22737.30 ,104.59K,2.06%
2020-12-25,24689.60 ,23728.70 ,24778.90 ,23445.30 ,2.40K,4.02%
2020-12-26,26454.40 ,24714.70 ,26826.00 ,24515.10 ,155.77K,7.15%
2020-12-27,26261.30 ,26460.30 ,28360.30 ,25858.20 ,231.23K,-0.73%
2020-12-28,27057.80 ,26259.20 ,27444.90 ,26144.30 ,126.98K,3.03%
2020-12-29,27376.00 ,27065.30 ,27390.70 ,25902.80 ,119.57K,1.18%
2020-12-30,28868.70 ,27374.50 ,28979.30 ,27374.50 ,159.82K,5.45%
2020-12-31,28949.40 ,28866.80 ,29298.80 ,28025.00 ,136.69K,0.28%
2021-01-01,29359.90 ,28951.70 ,29627.10 ,28712.40 ,100.90K,1.42%
2021-01-02,32193.30 ,29359.70 ,33233.50 ,29008.00 ,240.87K,9.65%
2021-01-03,32958.90 ,32192.90 ,34755.90 ,32029.60 ,155.21K,2.38%
2021-01-04,32022.60 ,33016.60 ,33587.50 ,28204.50 ,255.27K,-2.84%
2021-01-05,33991.50 ,32015.40 ,34414.70 ,30010.50 ,202.13K,6.15%
2021-01-06,36793.20 ,33999.30 ,36934.80 ,33408.30 ,227.56K,8.24%
2021-01-07,39460.20 ,36798.50 ,40340.90 ,36361.20 ,249.60K,7.25%
2021-01-08,40599.30 ,39466.40 ,41921.70 ,36613.40 ,251.29K,2.89%
2021-01-09,40151.90 ,40607.20 ,41363.50 ,38775.10 ,128.42K,-1.10%
2021-01-10,38192.20 ,40149.70 ,41362.40 ,35141.60 ,215.78K,-4.88%
2021-01-11,35544.30 ,38195.30 ,38217.20 ,30411.60 ,251.04K,-6.93%
2021-01-12,34076.10 ,35426.00 ,36598.70 ,32572.70 ,241.93K,-4.13%
2021-01-13,37382.20 ,34061.20 ,37764.60 ,32451.90 ,209.93K,9.70%
2021-01-14,39175.70 ,37383.40 ,40054.30 ,36772.10 ,172.40K,4.80%
2021-01-15,36845.80 ,39175.70 ,39715.00 ,34488.70 ,118.42K,-5.95%
2021-01-16,36019.50 ,36751.80 ,37931.70 ,35408.40 ,137.02K,-2.24%
2021-01-17,35839.60 ,36020.10 ,36801.30 ,33883.50 ,126.82K,-0.50%
2021-01-18,36613.20 ,35838.20 ,37436.80 ,34801.00 ,111.52K,2.16%
2021-01-19,36002.90 ,36630.60 ,37821.00 ,36001.40 ,79.11K,-1.67%
2021-01-20,35476.30 ,35862.10 ,36384.40 ,33444.50 ,153.61K,-1.46%
2021-01-21,30842.10 ,35472.30 ,35591.10 ,30101.80 ,253.27K,-13.06%
2021-01-22,33000.50 ,30838.70 ,33821.20 ,28871.20 ,243.09K,7.00%
2021-01-23,32088.90 ,32994.10 ,33441.40 ,31418.20 ,100.70K,-2.76%
2021-01-24,32241.30 ,32088.50 ,33034.80 ,30982.90 ,88.21K,0.47%
2021-01-25,32252.30 ,32244.30 ,34854.30 ,31967.40 ,142.43K,0.03%
2021-01-26,32502.10 ,32244.10 ,32917.70 ,30850.00 ,139.84K,0.77%
2021-01-27,30404.00 ,32499.60 ,32545.40 ,29290.40 ,194.35K,-6.46%
2021-01-28,33374.80 ,30408.90 ,33790.80 ,29911.90 ,167.39K,9.77%
2021-01-29,34301.80 ,33381.70 ,38546.00 ,31953.30 ,297.73K,2.78%
2021-01-30,34283.10 ,34300.00 ,34920.90 ,32908.50 ,128.57K,-0.05%
2021-01-31,33108.10 ,34281.60 ,34348.30 ,32189.90 ,101.92K,-3.43%
2021-02-01,33515.70 ,33106.80 ,34685.60 ,32324.90 ,126.32K,1.23%
2021-02-02,35485.20 ,33514.00 ,35976.10 ,33462.40 ,120.85K,5.88%
2021-02-03,37646.80 ,35486.90 ,37646.80 ,35401.50 ,131.03K,6.09%
2021-02-04,36982.10 ,37648.90 ,38707.90 ,36380.80 ,151.44K,-1.77%
2021-02-05,38297.60 ,36976.40 ,38303.60 ,36640.00 ,100.60K,3.56%
2021-02-06,39256.60 ,38300.60 ,40939.70 ,38275.30 ,156.02K,2.50%
2021-02-07,38852.90 ,39228.90 ,39691.70 ,37381.60 ,125.37K,-1.03%
2021-02-08,46395.70 ,38853.60 ,46596.40 ,38057.00 ,248.47K,19.41%
2021-02-09,46508.60 ,46396.40 ,48143.50 ,45104.70 ,193.87K,0.24%
2021-02-10,44836.00 ,46507.80 ,47295.30 ,43800.50 ,151.83K,-3.60%
2021-02-11,47990.70 ,44834.80 ,48622.10 ,44041.10 ,145.77K,7.04%
2021-02-12,47371.70 ,47995.00 ,48927.40 ,46218.60 ,133.73K,-1.29%
2021-02-13,47168.70 ,47373.10 ,48097.30 ,46270.50 ,89.42K,-0.43%
2021-02-14,48643.40 ,47172.10 ,49695.10 ,47051.90 ,106.50K,3.13%
2021-02-15,47936.30 ,48611.10 ,48936.50 ,45786.10 ,123.18K,-1.45%
2021-02-16,49169.70 ,47934.20 ,50515.80 ,47044.40 ,141.37K,2.57%
2021-02-17,52079.20 ,49161.30 ,52577.70 ,49018.10 ,140.03K,5.92%
2021-02-18,51582.20 ,52094.50 ,52524.00 ,50941.60 ,94.35K,-0.95%
2021-02-19,55906.60 ,51590.10 ,56238.50 ,50816.80 ,139.43K,8.38%
2021-02-20,55923.70 ,55922.00 ,57523.80 ,54124.10 ,127.85K,0.03%
2021-02-21,57433.80 ,55907.60 ,58335.10 ,55502.70 ,87.26K,2.70%
2021-02-22,54111.80 ,57437.60 ,57480.80 ,48353.80 ,244.95K,-5.78%
2021-02-23,48911.20 ,54114.10 ,54115.00 ,45093.80 ,315.07K,-9.61%
2021-02-24,49697.50 ,48911.10 ,51311.80 ,47031.70 ,153.75K,1.61%
2021-02-25,46928.50 ,49695.90 ,52013.80 ,46773.70 ,83.22K,-5.57%
2021-02-26,46345.60 ,46928.50 ,48413.90 ,44248.20 ,189.41K,-1.24%
2021-02-27,46136.70 ,46333.10 ,48335.10 ,45059.40 ,98.75K,-0.45%
2021-02-28,45164.00 ,46136.00 ,46582.00 ,43100.60 ,135.08K,-2.11%
2021-03-01,49595.50 ,45160.50 ,49774.00 ,45008.80 ,137.52K,9.81%
2021-03-02,48424.20 ,49595.60 ,50191.90 ,47100.60 ,102.10K,-2.36%
2021-03-03,50395.10 ,48422.20 ,52567.90 ,48159.20 ,44.93K,4.07%
2021-03-04,48428.00 ,50388.00 ,51757.70 ,47521.80 ,9.56K,-3.90%
2021-03-05,48792.50 ,48363.60 ,49429.40 ,46370.10 ,113.64K,0.75%
2021-03-06,48855.60 ,48798.70 ,49191.80 ,47132.80 ,66.66K,0.13%
2021-03-07,50982.30 ,48899.00 ,51434.10 ,48890.60 ,82.91K,4.35%
2021-03-08,52311.00 ,50988.90 ,52384.90 ,49338.10 ,68.14K,2.61%
2021-03-09,54879.00 ,52352.40 ,54880.60 ,51941.30 ,114.06K,4.91%
2021-03-10,55851.90 ,54882.70 ,57328.70 ,53073.60 ,140.96K,1.77%
2021-03-11,57799.50 ,55851.20 ,58135.00 ,54351.80 ,129.63K,3.49%
2021-03-12,57265.10 ,57806.20 ,58052.30 ,55134.50 ,116.96K,-0.92%
2021-03-13,61195.30 ,57267.40 ,61795.80 ,56118.80 ,134.64K,6.86%
2021-03-14,59113.70 ,61192.70 ,61673.70 ,59113.70 ,80.29K,-3.40%
2021-03-15,55791.30 ,59117.40 ,60565.90 ,55088.80 ,117.71K,-5.62%
2021-03-16,56889.70 ,55619.50 ,56889.70 ,53342.60 ,128.51K,1.97%
2021-03-17,58913.50 ,56892.90 ,58933.20 ,54253.20 ,118.26K,3.56%
2021-03-18,57656.00 ,58911.80 ,60088.00 ,57099.60 ,102.62K,-2.13%
2021-03-19,58088.00 ,57645.00 ,59448.30 ,56305.10 ,83.98K,0.75%
2021-03-20,58093.40 ,58084.10 ,59882.10 ,57863.00 ,67.83K,0.01%
2021-03-21,57383.80 ,58097.40 ,58583.80 ,55583.30 ,77.47K,-1.22%
2021-03-22,54158.30 ,57379.30 ,58379.90 ,53784.20 ,95.53K,-5.62%
2021-03-23,54452.50 ,54117.50 ,55813.80 ,52992.30 ,84.84K,0.54%
2021-03-24,52325.40 ,54309.10 ,57169.40 ,51725.40 ,137.91K,-3.91%
2021-03-25,51322.30 ,52330.00 ,53175.40 ,50441.30 ,143.35K,-1.92%
2021-03-26,55036.10 ,51317.40 ,55074.10 ,51302.00 ,100.30K,7.24%
2021-03-27,55862.90 ,55033.80 ,56531.10 ,54010.20 ,73.87K,1.50%
2021-03-28,55765.20 ,55856.90 ,56504.20 ,54711.30 ,58.71K,-0.17%
2021-03-29,57616.20 ,55764.70 ,58392.60 ,54951.10 ,107.91K,3.32%
2021-03-30,58771.30 ,57614.60 ,59366.90 ,57077.10 ,86.21K,2.00%
2021-03-31,58763.70 ,58771.40 ,59795.60 ,56991.60 ,98.06K,-0.01%
2021-04-01,58718.30 ,58763.20 ,59406.50 ,58040.70 ,69.04K,-0.08%
2021-04-02,58977.30 ,58718.20 ,60134.90 ,58466.50 ,72.37K,0.44%
2021-04-03,57059.90 ,58976.80 ,59770.50 ,56906.70 ,68.74K,-3.25%
2021-04-04,58199.90 ,57059.70 ,58464.80 ,56470.60 ,57.21K,2.00%
2021-04-05,58993.40 ,58202.30 ,59205.10 ,56842.70 ,54.13K,1.36%
2021-04-06,57996.30 ,59169.00 ,59487.00 ,57403.30 ,77.15K,-1.69%
2021-04-07,55948.70 ,57996.30 ,58627.70 ,55489.30 ,110.69K,-3.53%
2021-04-08,58077.40 ,55948.00 ,58136.70 ,55721.60 ,64.78K,3.80%
2021-04-09,58118.70 ,58076.80 ,58890.90 ,57686.00 ,59.22K,0.07%
2021-04-10,59748.40 ,58127.40 ,61229.00 ,57900.00 ,103.72K,2.80%
2021-04-11,59978.70 ,59772.40 ,60667.10 ,59250.30 ,58.20K,0.39%
2021-04-12,59863.80 ,59982.10 ,61259.90 ,59569.20 ,81.88K,-0.19%
2021-04-13,63540.90 ,59863.60 ,63659.00 ,59839.40 ,126.56K,6.14%
2021-04-14,62980.40 ,63544.20 ,64778.00 ,61366.30 ,130.43K,-0.88%
2021-04-15,63216.00 ,62978.60 ,63729.10 ,62067.50 ,76.97K,0.37%
2021-04-16,61379.70 ,63211.60 ,63518.50 ,60027.30 ,136.85K,-2.90%
2021-04-17,60041.90 ,61358.30 ,62509.10 ,59672.10 ,84.08K,-2.18%
2021-04-18,56207.10 ,60043.20 ,60362.10 ,51817.60 ,216.81K,-6.39%
2021-04-19,55646.10 ,56208.10 ,57517.00 ,54272.30 ,117.51K,-1.00%
2021-04-20,56483.20 ,55645.10 ,57054.90 ,53422.50 ,115.49K,1.50%
2021-04-21,53820.20 ,56479.50 ,56764.40 ,53657.60 ,100.26K,-4.71%
2021-04-22,51729.50 ,53821.30 ,55408.40 ,50590.90 ,168.13K,-3.88%
2021-04-23,51143.60 ,51707.10 ,52099.90 ,47659.40 ,214.46K,-1.13%
2021-04-24,50088.90 ,51140.80 ,51183.00 ,48775.20 ,82.25K,-2.06%
2021-04-25,48963.60 ,50088.20 ,50532.40 ,47098.50 ,59.20K,-2.25%
2021-04-26,54020.50 ,48963.50 ,54320.90 ,48815.90 ,129.76K,10.33%
2021-04-27,55036.50 ,54011.10 ,55427.80 ,53345.00 ,84.08K,1.88%
2021-04-28,54841.40 ,55036.00 ,56419.90 ,53876.40 ,86.96K,-0.35%
2021-04-29,53560.80 ,54838.60 ,55173.70 ,52400.00 ,83.90K,-2.34%
2021-04-30,57720.30 ,53562.30 ,57925.60 ,53088.70 ,103.74K,7.77%
2021-05-01,57807.10 ,57719.10 ,58449.40 ,57029.50 ,63.41K,0.15%
2021-05-02,56603.80 ,57807.20 ,57868.40 ,56110.50 ,53.61K,-2.08%
2021-05-03,57169.80 ,56605.80 ,58925.10 ,56562.40 ,89.24K,1.00%
2021-05-04,53741.50 ,57170.60 ,57201.30 ,53741.50 ,132.33K,-6.00%
2021-05-05,57441.30 ,53872.50 ,57936.40 ,53872.50 ,119.82K,6.88%
2021-05-06,56405.40 ,57441.00 ,58364.90 ,55294.50 ,109.02K,-1.80%
2021-05-07,57337.20 ,56411.40 ,58639.30 ,55300.10 ,110.01K,1.65%
2021-05-08,58840.10 ,57330.30 ,59471.10 ,56972.20 ,101.27K,2.62%
2021-05-09,58238.30 ,58840.60 ,59227.00 ,56414.40 ,103.59K,-1.02%
2021-05-10,55848.90 ,58251.20 ,59523.90 ,53678.30 ,142.61K,-4.10%
2021-05-11,56695.70 ,55846.10 ,56871.10 ,54550.40 ,96.47K,1.52%
2021-05-12,49384.20 ,56694.50 ,57938.50 ,49187.00 ,160.74K,-12.90%
2021-05-13,49704.60 ,49398.20 ,51337.30 ,46331.10 ,236.71K,0.65%
2021-05-14,49839.80 ,49704.90 ,51459.20 ,48874.00 ,118.84K,0.27%
2021-05-15,46708.80 ,49839.10 ,50640.90 ,46650.20 ,131.91K,-6.28%
2021-05-16,46426.40 ,46729.30 ,49764.30 ,43920.80 ,180.07K,-0.60%
2021-05-17,43541.30 ,46424.20 ,46545.40 ,42201.50 ,274.76K,-6.21%
2021-05-18,42897.30 ,43538.50 ,45770.90 ,42293.90 ,154.96K,-1.48%
2021-05-19,36720.50 ,42898.30 ,43516.60 ,30261.70 ,607.10K,-14.40%
2021-05-20,40717.20 ,36706.80 ,42425.90 ,35010.40 ,269.75K,10.88%
2021-05-21,37297.40 ,40611.20 ,42108.30 ,33592.30 ,315.50K,-8.40%
2021-05-22,37448.30 ,37291.00 ,38776.00 ,35314.90 ,185.83K,0.40%
2021-05-23,34679.70 ,37446.80 ,38248.70 ,31192.40 ,325.73K,-7.39%
2021-05-24,38750.60 ,34720.30 ,39851.70 ,34474.60 ,244.88K,11.74%
2021-05-25,38378.30 ,38753.60 ,39740.80 ,36540.70 ,163.01K,-0.96%
2021-05-26,39249.20 ,38375.70 ,40750.00 ,37847.00 ,153.80K,2.27%
2021-05-27,38417.30 ,39249.00 ,40322.20 ,37190.80 ,122.93K,-2.12%
2021-05-28,35662.50 ,38543.20 ,38844.10 ,34772.40 ,199.58K,-7.17%
2021-05-29,34584.60 ,35664.50 ,37227.10 ,33664.20 ,160.43K,-3.02%
2021-05-30,35652.80 ,34589.30 ,36388.60 ,33441.00 ,104.18K,3.09%
2021-05-31,37298.60 ,35644.00 ,37480.70 ,34213.20 ,131.70K,4.62%
2021-06-01,36687.60 ,37294.30 ,37850.30 ,35742.70 ,113.48K,-1.64%
2021-06-02,37555.80 ,36687.70 ,38199.90 ,35981.10 ,96.89K,2.37%
2021-06-03,39187.30 ,37555.70 ,39462.30 ,37193.60 ,106.44K,4.34%
2021-06-04,36851.30 ,39191.40 ,39255.40 ,35659.90 ,127.71K,-5.96%
2021-06-05,35520.00 ,36841.20 ,37887.60 ,34832.00 ,101.48K,-3.61%
2021-06-06,35815.40 ,35518.70 ,36434.00 ,35265.30 ,62.20K,0.83%
2021-06-07,33578.00 ,35815.40 ,36754.60 ,33410.10 ,119.50K,-6.25%
2021-06-08,33382.90 ,33574.60 ,34047.80 ,31158.10 ,193.54K,-0.58%
2021-06-09,37332.20 ,33385.50 ,37517.60 ,32428.60 ,209.82K,11.83%
2021-06-10,36649.40 ,37375.20 ,38340.80 ,35824.00 ,154.32K,-1.83%
2021-06-11,37314.60 ,36654.30 ,37641.10 ,36003.30 ,109.15K,1.81%
2021-06-12,35467.50 ,37334.40 ,37437.30 ,34703.30 ,87.73K,-4.95%
2021-06-13,39022.90 ,35467.50 ,39321.60 ,34827.00 ,123.32K,10.02%
2021-06-14,40529.40 ,39024.10 ,40970.40 ,38769.90 ,157.35K,3.86%
2021-06-15,40156.10 ,40522.50 ,41318.00 ,39589.90 ,117.55K,-0.92%
2021-06-16,38336.00 ,40148.10 ,40494.40 ,38156.40 ,123.52K,-4.53%
2021-06-17,38052.00 ,38337.80 ,39529.90 ,37425.30 ,109.58K,-0.74%
2021-06-18,35749.40 ,38045.50 ,38166.00 ,35198.50 ,102.84K,-6.05%
2021-06-19,35513.40 ,35770.00 ,36357.30 ,34845.50 ,105.46K,-0.66%
2021-06-20,35595.80 ,35510.90 ,36097.90 ,33378.00 ,137.48K,0.23%
2021-06-21,31692.00 ,35597.90 ,35708.40 ,31284.10 ,256.87K,-10.97%
2021-06-22,32496.40 ,31682.70 ,33272.50 ,28901.80 ,309.65K,2.54%
2021-06-23,33674.30 ,32498.30 ,34784.30 ,31736.50 ,173.34K,3.62%
2021-06-24,34665.80 ,33678.10 ,35249.90 ,32356.70 ,119.25K,2.94%
2021-06-25,31594.00 ,34660.50 ,35490.90 ,31337.90 ,193.43K,-8.86%
2021-06-26,32243.40 ,31592.10 ,32643.00 ,30206.90 ,156.67K,2.06%
2021-06-27,34678.50 ,32247.10 ,34685.50 ,32041.70 ,148.80K,7.55%
2021-06-28,34475.90 ,34682.20 ,35231.20 ,33944.90 ,112.00K,-0.58%
2021-06-29,35834.70 ,34477.30 ,36590.30 ,34247.60 ,97.27K,3.94%
2021-06-30,35026.90 ,35832.60 ,36089.50 ,34126.60 ,107.07K,-2.25%
2021-07-01,33543.60 ,35030.70 ,35032.70 ,32839.20 ,27.41K,-4.23%
2021-07-02,33813.40 ,33542.20 ,33925.90 ,32734.60 ,78.93K,0.80%
2021-07-03,34742.80 ,33814.20 ,34909.80 ,33363.30 ,55.69K,2.75%
2021-07-04,35298.20 ,34742.80 ,35957.60 ,34740.10 ,56.13K,1.60%
2021-07-05,33687.80 ,35297.00 ,35300.50 ,33164.10 ,88.36K,-4.56%
2021-07-06,34225.60 ,33688.50 ,35062.00 ,33581.70 ,83.63K,1.60%
2021-07-07,33867.80 ,34228.70 ,35036.60 ,33801.30 ,72.03K,-1.05%
2021-07-08,32866.30 ,33859.40 ,33923.20 ,32146.90 ,108.09K,-2.96%
2021-07-09,33797.40 ,32866.30 ,34079.20 ,32367.00 ,67.14K,2.83%
2021-07-10,33510.60 ,33797.70 ,34221.00 ,33056.80 ,50.94K,-0.85%
2021-07-11,34227.70 ,33510.80 ,34580.60 ,33319.80 ,35.72K,2.14%
2021-07-12,33113.00 ,34228.30 ,34598.00 ,32662.80 ,63.24K,-3.26%
2021-07-13,32728.10 ,33106.10 ,33307.70 ,32259.50 ,60.04K,-1.16%
2021-07-14,32820.70 ,32727.80 ,33051.90 ,31611.20 ,69.56K,0.28%
2021-07-15,31840.50 ,32820.50 ,33157.00 ,31175.80 ,76.95K,-2.99%
2021-07-16,31394.00 ,31842.30 ,32239.80 ,31062.20 ,70.48K,-1.40%
2021-07-17,31518.60 ,31384.40 ,31914.80 ,31207.80 ,58.06K,0.40%
2021-07-18,31785.40 ,31517.90 ,32408.20 ,31220.60 ,57.01K,0.85%
2021-07-19,30837.20 ,31782.90 ,31887.00 ,30478.20 ,77.48K,-2.98%
2021-07-20,29793.80 ,30835.40 ,31040.80 ,29310.20 ,97.46K,-3.38%
2021-07-21,32131.40 ,29794.70 ,32794.60 ,29519.30 ,118.34K,7.85%
2021-07-22,32298.90 ,32131.70 ,32585.40 ,31729.40 ,64.87K,0.52%
2021-07-23,33603.30 ,32297.90 ,33605.60 ,32041.10 ,66.15K,4.04%
2021-07-24,33824.80 ,33600.50 ,33955.00 ,33412.90 ,67.14K,0.66%
2021-07-25,35391.10 ,34392.50 ,35391.10 ,33881.30 ,65.10K,4.63%
2021-07-26,37276.60 ,35392.30 ,40522.90 ,35236.70 ,177.63K,5.33%
2021-07-27,39452.00 ,37294.30 ,39455.90 ,36427.40 ,100.24K,5.84%
2021-07-28,40003.20 ,39450.40 ,40862.20 ,38883.80 ,148.92K,1.40%
2021-07-29,40001.40 ,40009.00 ,40630.70 ,39340.80 ,75.30K,0.00%
2021-07-30,42203.40 ,40001.10 ,42264.40 ,38358.40 ,98.45K,5.50%
2021-07-31,41553.70 ,42201.40 ,42285.30 ,41066.40 ,44.65K,-1.54%
2021-08-01,39878.30 ,41510.00 ,42565.00 ,39556.50 ,80.33K,-4.03%
2021-08-02,39168.40 ,39869.80 ,40449.00 ,38692.50 ,74.81K,-1.78%
2021-08-03,38130.30 ,39167.40 ,39766.60 ,37688.20 ,0.26K,-2.65%
2021-08-04,39736.90 ,38188.40 ,39956.50 ,37556.00 ,79.22K,4.21%
2021-08-05,40867.20 ,39734.40 ,41366.30 ,37365.40 ,130.60K,2.84%
2021-08-06,42795.40 ,40868.40 ,43253.40 ,39905.40 ,111.93K,4.72%
2021-08-07,44614.20 ,42784.70 ,44697.30 ,42611.00 ,112.84K,4.25%
2021-08-08,43792.80 ,44584.90 ,45284.10 ,43314.40 ,105.25K,-1.84%
2021-08-09,46284.30 ,43794.90 ,46460.70 ,42824.10 ,117.08K,5.69%
2021-08-10,45593.80 ,46281.80 ,46663.40 ,44681.20 ,80.55K,-1.49%
2021-08-11,45564.30 ,45593.20 ,46736.50 ,45367.90 ,75.43K,-0.06%
2021-08-12,44403.40 ,45562.30 ,46213.80 ,43814.70 ,81.07K,-2.55%
2021-08-13,47809.10 ,44404.00 ,47836.00 ,44242.40 ,75.27K,7.67%
2021-08-14,47081.50 ,47809.60 ,48090.90 ,46117.20 ,64.29K,-1.52%
2021-08-15,46991.30 ,47082.60 ,47344.10 ,45564.10 ,58.11K,-0.19%
2021-08-16,45996.30 ,46991.60 ,48002.40 ,45672.10 ,2.41K,-2.12%
2021-08-17,44691.60 ,45907.50 ,47140.60 ,44441.30 ,84.14K,-2.84%
2021-08-18,44723.80 ,44691.10 ,46004.90 ,44230.00 ,22.36K,0.07%
2021-08-19,46755.90 ,44725.90 ,47012.30 ,43986.70 ,77.92K,4.54%
2021-08-20,49324.00 ,46756.70 ,49343.30 ,46646.80 ,83.19K,5.49%
2021-08-21,48875.80 ,49330.00 ,49719.10 ,48293.50 ,18.20K,-0.91%
2021-08-22,49254.50 ,48870.40 ,49480.30 ,48151.00 ,49.32K,0.77%
2021-08-23,49539.70 ,49255.40 ,50498.80 ,49038.60 ,75.37K,0.58%
2021-08-24,47714.70 ,49532.50 ,49847.40 ,47623.60 ,74.26K,-3.68%
2021-08-25,48994.50 ,47707.40 ,49230.20 ,47163.30 ,63.54K,2.68%
2021-08-26,46831.60 ,48994.40 ,49347.80 ,46360.40 ,73.79K,-4.41%
2021-08-27,49064.30 ,46830.20 ,49142.00 ,46371.50 ,62.47K,4.77%
2021-08-28,48897.10 ,49062.80 ,49289.40 ,48428.50 ,36.73K,-0.34%
2021-08-29,48777.40 ,48899.70 ,49621.70 ,47870.10 ,47.62K,-0.24%
2021-08-30,46992.70 ,48777.10 ,48886.00 ,46876.90 ,61.68K,-3.66%
2021-08-31,47130.40 ,46989.10 ,48217.00 ,46709.30 ,71.48K,0.29%
2021-09-01,48819.40 ,47129.20 ,49121.00 ,46533.10 ,74.38K,3.58%
2021-09-02,49274.30 ,48817.80 ,50355.30 ,48612.90 ,80.21K,0.93%
2021-09-03,49999.00 ,49269.50 ,51008.80 ,48377.30 ,88.08K,1.47%
2021-09-04,49918.40 ,49999.30 ,50534.60 ,49461.40 ,48.14K,-0.16%
2021-09-05,51768.60 ,49918.70 ,51878.20 ,49492.40 ,57.30K,3.71%
2021-09-06,52672.10 ,51769.40 ,52726.20 ,51002.80 ,69.46K,1.75%
2021-09-07,46779.60 ,52674.20 ,52885.30 ,43072.40 ,187.56K,-11.19%
2021-09-08,46061.40 ,46774.10 ,47316.90 ,44493.70 ,100.48K,-1.54%
2021-09-09,46385.60 ,46057.60 ,47305.70 ,45609.00 ,73.63K,0.70%
2021-09-10,44842.80 ,46385.90 ,47021.60 ,44283.60 ,75.62K,-3.33%
2021-09-11,45161.90 ,44844.90 ,45975.60 ,44766.60 ,41.58K,0.71%
2021-09-12,46062.30 ,45162.60 ,46386.40 ,44755.20 ,44.52K,1.99%
2021-09-13,44949.50 ,46060.80 ,46807.70 ,43463.20 ,96.15K,-2.42%
2021-09-14,47077.50 ,44950.20 ,47247.60 ,44718.70 ,65.33K,4.73%
2021-09-15,48130.60 ,47070.80 ,48436.50 ,46743.90 ,63.40K,2.24%
2021-09-16,47748.00 ,48132.30 ,48480.60 ,47040.30 ,60.91K,-0.80%
2021-09-17,47282.80 ,47748.20 ,48155.90 ,46788.80 ,50.16K,-0.97%
2021-09-18,48306.70 ,47283.90 ,48761.00 ,47070.50 ,43.64K,2.17%
2021-09-19,47238.70 ,48299.90 ,48341.90 ,46866.60 ,41.98K,-2.21%
2021-09-20,42870.60 ,47240.80 ,47323.90 ,42547.10 ,77.96K,-9.25%
2021-09-21,40651.30 ,43012.30 ,43619.30 ,39646.80 ,142.55K,-5.18%
2021-09-22,43551.60 ,40660.80 ,43976.70 ,40585.70 ,93.98K,7.13%
2021-09-23,44869.20 ,43550.70 ,44949.80 ,43090.10 ,74.54K,3.03%
2021-09-24,42819.90 ,44867.40 ,45112.00 ,40908.50 ,128.88K,-4.57%
2021-09-25,42686.80 ,42818.70 ,42959.30 ,41714.50 ,46.35K,-0.31%
2021-09-26,43203.40 ,42685.80 ,43907.30 ,40786.60 ,69.91K,1.21%
2021-09-27,42172.60 ,43200.90 ,44293.20 ,42143.90 ,54.12K,-2.39%
2021-09-28,41022.30 ,42169.90 ,42758.80 ,40906.40 ,60.01K,-2.73%
2021-09-29,41536.80 ,41023.10 ,42571.20 ,40815.00 ,48.21K,1.25%
2021-09-30,43823.30 ,41534.50 ,44101.20 ,41416.70 ,64.32K,5.50%
2021-10-01,48146.00 ,43824.40 ,48435.20 ,43292.90 ,94.66K,9.86%
2021-10-02,47666.90 ,48147.20 ,48306.90 ,47451.70 ,39.82K,-1.00%
2021-10-03,48200.10 ,47665.40 ,49165.20 ,47123.00 ,42.41K,1.12%
2021-10-04,49227.30 ,48200.40 ,49481.70 ,46958.60 ,66.92K,2.13%
2021-10-05,51469.30 ,49229.50 ,51872.40 ,49060.10 ,76.63K,4.55%
2021-10-06,55323.20 ,51470.00 ,55676.10 ,50439.50 ,116.26K,7.49%
2021-10-07,53783.90 ,55325.20 ,55325.60 ,53476.40 ,75.68K,-2.78%
2021-10-08,53914.70 ,53785.50 ,55977.90 ,53659.30 ,64.05K,0.24%
2021-10-09,54942.50 ,53924.10 ,55430.80 ,53711.70 ,64.65K,1.91%
2021-10-10,54687.70 ,54942.50 ,56432.20 ,54100.80 ,104.43K,-0.46%
2021-10-11,57477.30 ,54686.90 ,57814.10 ,54457.80 ,73.84K,5.10%
2021-10-12,56015.90 ,57480.60 ,57635.70 ,54155.40 ,74.85K,-2.54%
2021-10-13,57380.10 ,56014.50 ,57697.40 ,54314.40 ,73.62K,2.44%
2021-10-14,57345.80 ,57370.40 ,58506.50 ,56866.80 ,59.84K,-0.06%
2021-10-15,61672.50 ,57348.20 ,62892.80 ,56874.80 ,121.48K,7.54%
2021-10-16,60861.10 ,61669.20 ,62329.20 ,60161.90 ,49.93K,-1.32%
2021-10-17,61527.50 ,60865.50 ,61651.40 ,59143.40 ,53.39K,1.09%
2021-10-18,62056.30 ,61525.80 ,62623.60 ,60026.90 ,80.15K,0.86%
2021-10-19,64278.50 ,62030.20 ,64454.00 ,61451.00 ,80.16K,3.58%
2021-10-20,65979.10 ,64276.90 ,66967.10 ,63543.70 ,79.87K,2.65%
2021-10-21,62210.20 ,66004.60 ,66616.90 ,62092.10 ,105.38K,-5.71%
2021-10-22,60690.30 ,62200.80 ,63699.70 ,60055.70 ,75.69K,-2.44%
2021-10-23,61312.50 ,60693.20 ,61728.70 ,59738.30 ,37.05K,1.03%
2021-10-24,60866.50 ,61308.20 ,61469.90 ,59523.70 ,42.67K,-0.73%
2021-10-25,63067.00 ,60864.30 ,63694.80 ,60655.80 ,51.06K,3.62%
2021-10-26,60310.80 ,63067.50 ,63275.10 ,59907.30 ,57.13K,-4.37%
2021-10-27,58438.10 ,60312.50 ,61452.90 ,58112.60 ,88.11K,-3.11%
2021-10-28,60582.50 ,58437.20 ,62251.30 ,58128.10 ,88.47K,3.67%
2021-10-29,62242.80 ,60579.90 ,62952.20 ,60322.20 ,63.39K,2.74%
2021-10-30,61840.10 ,62245.00 ,62338.50 ,60786.00 ,40.51K,-0.65%
2021-10-31,61309.60 ,61842.20 ,62393.70 ,60005.70 ,50.06K,-0.86%
2021-11-01,60915.30 ,61310.10 ,62430.10 ,59612.70 ,61.21K,-0.64%
2021-11-02,63221.70 ,60912.20 ,64256.40 ,60651.50 ,65.26K,3.79%
2021-11-03,62918.50 ,63223.50 ,63508.60 ,60883.00 ,61.05K,-0.48%
2021-11-04,61412.60 ,62915.40 ,63077.60 ,60742.90 ,49.91K,-2.39%
2021-11-05,60974.30 ,61411.50 ,62560.30 ,60742.40 ,44.46K,-0.71%
2021-11-06,61483.90 ,60973.20 ,61543.20 ,60093.60 ,34.89K,0.84%
2021-11-07,63273.20 ,61483.80 ,63273.20 ,61347.20 ,34.34K,2.91%
2021-11-08,67527.90 ,63276.40 ,67763.30 ,63276.40 ,81.08K,6.72%
2021-11-09,66904.40 ,67528.70 ,68493.30 ,66334.90 ,66.13K,-0.92%
2021-11-10,64932.60 ,66942.60 ,68990.60 ,62951.30 ,96.21K,-2.95%
2021-11-11,64806.70 ,64922.80 ,65583.30 ,64121.90 ,50.37K,-0.19%
2021-11-12,64134.50 ,64782.60 ,65449.70 ,62309.70 ,63.27K,-1.04%
2021-11-13,64398.60 ,64133.30 ,64906.00 ,63381.40 ,30.34K,0.41%
2021-11-14,65508.20 ,64397.20 ,65508.20 ,63608.30 ,33.98K,1.72%
2021-11-15,63597.90 ,65514.90 ,66311.20 ,63439.50 ,53.53K,-2.92%
2021-11-16,60089.10 ,63605.10 ,63605.60 ,58655.90 ,115.36K,-5.52%
2021-11-17,60367.80 ,60074.20 ,60814.50 ,58531.90 ,73.93K,0.46%
2021-11-18,56955.30 ,60368.20 ,60936.90 ,56524.40 ,100.37K,-5.65%
2021-11-19,58083.40 ,56908.30 ,58335.90 ,55626.30 ,74.44K,1.98%
2021-11-20,59717.60 ,58080.80 ,59854.60 ,57435.30 ,44.53K,2.81%
2021-11-21,58714.30 ,59724.00 ,60002.60 ,58528.30 ,40.98K,-1.68%
2021-11-22,56308.80 ,58719.70 ,59288.30 ,55656.80 ,76.45K,-4.10%
2021-11-23,57573.20 ,56304.80 ,57855.10 ,55542.50 ,72.48K,2.25%
2021-11-24,57171.70 ,57559.40 ,57697.40 ,55910.60 ,56.68K,-0.70%
2021-11-25,58935.10 ,57167.10 ,59387.30 ,57029.80 ,56.79K,3.08%
2021-11-26,53730.90 ,58937.30 ,59151.10 ,53533.50 ,104.03K,-8.83%
2021-11-27,54765.90 ,53747.20 ,55280.30 ,53654.30 ,40.71K,1.93%
2021-11-28,57291.50 ,54758.00 ,57392.30 ,53448.30 ,49.28K,4.61%
2021-11-29,57794.80 ,57288.10 ,58855.20 ,56726.70 ,58.65K,0.88%
2021-11-30,56882.90 ,57795.20 ,59174.40 ,55936.90 ,73.66K,-1.58%
2021-12-01,57210.30 ,56891.70 ,59064.30 ,56496.50 ,66.75K,0.58%
2021-12-02,56496.00 ,57207.80 ,57377.50 ,55807.90 ,54.94K,-1.25%
2021-12-03,53631.50 ,56495.20 ,57543.60 ,52008.90 ,89.20K,-5.07%
2021-12-04,49195.20 ,53620.70 ,53847.20 ,42587.80 ,168.00K,-8.27%
2021-12-05,49405.50 ,49196.40 ,49689.30 ,47797.80 ,72.03K,0.43%
2021-12-06,50562.10 ,49412.10 ,50913.30 ,47237.90 ,89.68K,2.34%
2021-12-07,50595.20 ,50547.40 ,51918.60 ,50070.90 ,56.29K,0.07%
2021-12-08,50473.90 ,50596.60 ,51204.70 ,48700.70 ,55.59K,-0.24%
2021-12-09,47596.60 ,50477.60 ,50790.20 ,47341.90 ,58.69K,-5.70%
2021-12-10,47137.20 ,47591.70 ,49974.80 ,47007.10 ,68.06K,-0.97%
2021-12-11,49314.50 ,47138.40 ,49487.00 ,46834.00 ,45.23K,4.62%
2021-12-12,50081.00 ,49332.50 ,50779.20 ,48670.50 ,40.30K,1.55%
2021-12-13,46703.60 ,50075.90 ,50196.10 ,45848.20 ,80.37K,-6.74%
2021-12-14,48366.50 ,46709.80 ,48635.00 ,46338.30 ,62.54K,3.56%
2021-12-15,48871.50 ,48366.20 ,49477.90 ,46572.60 ,80.28K,1.04%
2021-12-16,47628.20 ,48876.60 ,49387.80 ,47543.90 ,48.20K,-2.54%
2021-12-17,46172.20 ,47630.40 ,47997.20 ,45523.80 ,67.50K,-3.06%
2021-12-18,46856.20 ,46171.80 ,47330.20 ,45513.40 ,36.93K,1.48%
2021-12-19,46704.50 ,46855.70 ,48270.20 ,46438.40 ,44.05K,-0.32%
2021-12-20,46895.20 ,46703.40 ,47488.90 ,45577.30 ,57.53K,0.41%
2021-12-21,48902.00 ,46900.10 ,49306.10 ,46654.00 ,57.88K,4.28%
2021-12-22,48599.70 ,48898.70 ,49540.30 ,48449.70 ,40.89K,-0.62%
2021-12-23,50801.00 ,48599.60 ,51355.60 ,48053.40 ,56.24K,4.53%
2021-12-24,50786.10 ,50807.40 ,51795.30 ,50428.40 ,45.97K,-0.03%
2021-12-25,50406.40 ,50789.60 ,51140.20 ,50196.80 ,26.67K,-0.75%
2021-12-26,50779.90 ,50404.00 ,51247.00 ,49527.00 ,32.34K,0.74%
2021-12-27,50678.20 ,50783.60 ,52016.30 ,50459.00 ,43.90K,-0.20%
2021-12-28,47545.20 ,50703.40 ,50703.80 ,47345.70 ,74.39K,-6.18%
2021-12-29,46461.70 ,47548.40 ,48121.70 ,46127.80 ,63.92K,-2.28%
2021-12-30,47123.30 ,46470.70 ,47901.40 ,46003.00 ,60.96K,1.42%
2021-12-31,46219.50 ,47123.30 ,48553.90 ,45693.60 ,58.18K,-1.92%
2022-01-01,47738.00 ,46217.50 ,47917.60 ,46217.50 ,31.24K,3.29%
2022-01-02,47311.80 ,47738.70 ,47944.90 ,46718.20 ,27.02K,-0.89%
2022-01-03,46430.20 ,47293.90 ,47556.00 ,45704.00 ,41.06K,-1.86%
2022-01-04,45837.30 ,46435.70 ,47505.40 ,45602.10 ,55.59K,-1.28%
2022-01-05,43425.90 ,45833.10 ,47019.40 ,42535.10 ,83.74K,-5.26%
2022-01-06,43097.50 ,43431.60 ,43772.30 ,42481.10 ,63.08K,-0.76%
2022-01-07,41546.70 ,43097.90 ,43127.70 ,40810.00 ,88.36K,-3.60%
2022-01-08,41672.00 ,41551.30 ,42304.40 ,40574.30 ,52.54K,0.30%
2022-01-09,41848.30 ,41681.20 ,42764.40 ,41260.90 ,37.51K,0.42%
2022-01-10,41832.20 ,41848.90 ,42243.80 ,39697.00 ,85.50K,-0.04%
2022-01-11,42733.20 ,41829.10 ,43090.20 ,41287.60 ,61.78K,2.15%
2022-01-12,43901.00 ,42735.00 ,44243.60 ,42476.70 ,53.95K,2.73%
2022-01-13,42560.00 ,43900.00 ,44404.70 ,42337.50 ,53.42K,-3.05%
2022-01-14,43073.30 ,42562.20 ,43435.10 ,41848.70 ,50.50K,1.21%
2022-01-15,43097.00 ,43073.60 ,43777.90 ,42586.10 ,31.44K,0.06%
2022-01-16,43079.10 ,43079.20 ,43462.00 ,42643.30 ,28.66K,-0.04%
2022-01-17,42209.30 ,43080.50 ,43179.60 ,41559.40 ,41.44K,-2.02%
2022-01-18,42364.60 ,42209.90 ,42674.20 ,41300.70 ,47.32K,0.37%
2022-01-19,41677.80 ,42365.30 ,42558.00 ,41160.90 ,53.77K,-1.62%
2022-01-20,40715.90 ,41683.60 ,43487.10 ,40568.30 ,65.28K,-2.31%
2022-01-21,36475.50 ,40698.10 ,41104.60 ,35503.90 ,155.80K,-10.41%
2022-01-22,35075.20 ,36467.70 ,36749.80 ,34116.00 ,138.09K,-3.84%
2022-01-23,36269.50 ,35072.90 ,36513.00 ,34655.20 ,70.43K,3.40%
2022-01-24,36686.30 ,36268.60 ,37424.00 ,32985.60 ,153.77K,1.15%
2022-01-25,36950.60 ,36691.30 ,37501.80 ,35729.30 ,79.68K,0.72%
2022-01-26,36800.40 ,36962.30 ,38862.60 ,36280.00 ,107.87K,-0.41%
2022-01-27,37164.30 ,36800.10 ,37215.40 ,35543.20 ,83.52K,0.99%
2022-01-28,37745.10 ,37195.60 ,37995.90 ,36176.50 ,69.45K,1.56%
2022-01-29,38170.80 ,37736.50 ,38663.70 ,37350.20 ,42.77K,1.13%
2022-01-30,37917.70 ,38167.50 ,38313.30 ,37390.60 ,34.10K,-0.66%
2022-01-31,38498.60 ,37923.80 ,38701.40 ,36672.80 ,61.27K,1.53%
2022-02-01,38709.70 ,38475.60 ,39230.00 ,38037.90 ,55.20K,0.55%
2022-02-02,36890.20 ,38711.20 ,38853.80 ,36682.30 ,53.74K,-4.70%
2022-02-03,37287.80 ,36890.20 ,37304.30 ,36297.30 ,50.35K,1.08%
2022-02-04,41567.60 ,37287.80 ,41689.00 ,37041.10 ,95.49K,11.48%
2022-02-05,41412.10 ,41566.50 ,41899.80 ,40963.30 ,46.32K,-0.37%
2022-02-06,42392.20 ,41411.90 ,42614.80 ,41176.30 ,31.20K,2.37%
2022-02-07,43833.90 ,42385.20 ,44468.30 ,41695.40 ,76.60K,3.40%
2022-02-08,44038.20 ,43833.90 ,45399.80 ,42705.00 ,92.88K,0.47%
2022-02-09,44388.90 ,44038.20 ,44800.40 ,43163.00 ,50.92K,0.80%
2022-02-10,43521.00 ,44388.90 ,45755.20 ,43242.50 ,89.69K,-1.96%
2022-02-11,42388.40 ,43519.30 ,43915.10 ,42023.40 ,69.95K,-2.60%
2022-02-12,42205.20 ,42388.40 ,43006.40 ,41776.80 ,37.88K,-0.43%
2022-02-13,42061.10 ,42205.50 ,42725.10 ,41880.10 ,25.88K,-0.34%
2022-02-14,42550.30 ,42061.10 ,42799.70 ,41591.30 ,53.60K,1.16%
2022-02-15,44544.40 ,42550.30 ,44722.60 ,42460.10 ,56.34K,4.69%
2022-02-16,43883.60 ,44540.90 ,44552.90 ,43377.60 ,41.40K,-1.48%
2022-02-17,40552.80 ,43885.50 ,44167.10 ,40103.80 ,72.63K,-7.59%
2022-02-18,40000.10 ,40532.50 ,40935.50 ,39505.00 ,64.96K,-1.36%
2022-02-19,40090.30 ,40000.10 ,40434.30 ,39666.60 ,25.78K,0.23%
2022-02-20,38355.00 ,40089.60 ,40120.30 ,38042.20 ,47.92K,-4.33%
2022-02-21,37017.70 ,38355.00 ,39444.10 ,36868.90 ,91.82K,-3.49%
2022-02-22,38248.20 ,37018.30 ,38414.90 ,36399.60 ,82.75K,3.32%
2022-02-23,37224.60 ,38248.20 ,39194.50 ,37099.50 ,64.84K,-2.68%
2022-02-24,38339.20 ,37250.20 ,39351.60 ,34357.40 ,180.47K,2.99%
2022-02-25,39209.60 ,38339.20 ,39683.70 ,38042.60 ,83.78K,2.27%
2022-02-26,39115.50 ,39221.60 ,40094.50 ,38639.10 ,41.55K,-0.24%
2022-02-27,37689.10 ,39116.60 ,39838.50 ,37062.30 ,66.14K,-3.65%
2022-02-28,43188.20 ,37707.20 ,43977.80 ,37458.90 ,108.07K,14.59%
2022-03-01,44420.30 ,43187.20 ,44900.50 ,42876.60 ,90.67K,2.85%
2022-03-02,43912.80 ,44420.30 ,45294.20 ,43361.30 ,80.82K,-1.14%
2022-03-03,42463.00 ,43912.80 ,44077.20 ,41840.80 ,74.11K,-3.30%
2022-03-04,39142.70 ,42463.00 ,42848.70 ,38594.90 ,3.21B,-7.82%
2022-03-05,39395.80 ,39142.80 ,39600.20 ,38626.10 ,1.50B,0.65%
2022-03-06,38403.10 ,39396.30 ,39668.10 ,38115.00 ,1.93B,-2.52%
2022-03-07,38024.80 ,38420.60 ,39532.00 ,37182.10 ,3.02B,-0.99%
2022-03-08,38744.80 ,38020.60 ,39351.50 ,37886.60 ,2.67B,1.89%
2022-03-09,41929.00 ,38731.50 ,42538.50 ,38663.30 ,3.60B,8.22%
2022-03-10,39416.30 ,41933.90 ,42029.10 ,38603.50 ,3.62B,-5.99%
2022-03-11,38730.20 ,39422.50 ,40177.00 ,38236.40 ,2.79B,-1.74%
2022-03-12,38814.30 ,38730.20 ,39355.30 ,38666.50 ,1.11B,0.22%
2022-03-13,37792.40 ,38813.20 ,39272.30 ,37603.40 ,1.55B,-2.63%
2022-03-14,39671.10 ,37789.50 ,39914.30 ,37613.60 ,2.33B,4.97%
2022-03-15,39285.70 ,39673.00 ,39854.70 ,38220.90 ,2.25B,-0.97%
2022-03-16,41118.70 ,39282.50 ,41701.60 ,38953.20 ,4.47B,4.67%
2022-03-17,40914.80 ,41118.70 ,41406.00 ,40557.80 ,1.90B,-0.50%
2022-03-18,41767.80 ,40914.60 ,42308.40 ,40234.80 ,2.31B,2.08%
2022-03-19,42233.00 ,41768.00 ,42386.00 ,41529.60 ,224.59M,1.11%
2022-03-20,41276.00 ,42241.00 ,42301.00 ,40922.00 ,308.45M,-2.27%
2022-03-21,41022.00 ,41282.00 ,41532.00 ,40530.00 ,406.62M,-0.62%
2022-03-22,42373.00 ,41022.00 ,43327.90 ,40893.00 ,537.06M,3.29%
2022-03-23,42912.00 ,42373.00 ,43027.00 ,41795.00 ,433.96M,1.27%
2022-03-24,44013.00 ,42911.00 ,44251.00 ,42658.00 ,491.66M,2.57%
2022-03-25,44331.00 ,44013.00 ,45112.00 ,43622.00 ,494.09M,0.72%
2022-03-26,44548.00 ,44331.00 ,44818.00 ,44090.00 ,196.30M,0.49%
2022-03-27,46859.00 ,44542.00 ,46947.00 ,44445.00 ,388.79M,5.19%
2022-03-28,47105.00 ,46859.00 ,48199.00 ,46672.00 ,610.27M,0.52%
2022-03-29,47449.00 ,47126.00 ,48127.00 ,47029.00 ,478.82M,0.73%
2022-03-30,47075.00 ,47449.00 ,47714.00 ,46601.00 ,467.76M,-0.79%
2022-03-31,45525.00 ,47071.00 ,47624.00 ,45228.00 ,520.00M,-3.29%
2022-04-01,46297.00 ,45529.00 ,46728.00 ,44261.00 ,632.93M,1.70%
2022-04-02,45811.00 ,46299.00 ,47212.00 ,45641.00 ,345.93M,-1.05%
2022-04-03,46407.00 ,45813.00 ,47435.00 ,45554.00 ,398.86M,1.30%
2022-04-04,46629.00 ,46407.00 ,46899.00 ,45152.00 ,446.12M,0.48%
2022-04-05,45506.00 ,46614.00 ,47201.00 ,45388.00 ,421.11M,-2.41%
2022-04-06,43173.00 ,45494.00 ,45519.00 ,43122.00 ,649.52M,-5.13%
2022-04-07,43448.00 ,43166.00 ,43893.00 ,42747.00 ,390.85M,0.64%
2022-04-08,42275.00 ,43450.00 ,43979.00 ,42113.00 ,467.83M,-2.70%
2022-04-09,42767.00 ,42275.00 ,42809.00 ,42129.00 ,165.16M,1.16%
2022-04-10,42138.00 ,42760.00 ,43421.00 ,41884.00 ,255.83M,-1.47%
2022-04-11,39497.00 ,42144.00 ,42418.00 ,39202.00 ,608.38M,-6.27%
2022-04-12,40078.00 ,39507.00 ,40678.00 ,39265.00 ,468.27M,1.47%
2022-04-13,41133.00 ,40072.00 ,41515.00 ,39581.00 ,406.70M,2.63%
2022-04-14,39936.00 ,41133.00 ,41494.00 ,39585.00 ,294.29M,-2.91%
2022-04-15,40560.00 ,39936.00 ,40850.00 ,39781.00 ,233.09M,1.56%
2022-04-16,40382.00 ,40571.00 ,40691.00 ,40003.00 ,151.31M,-0.44%
2022-04-17,39703.00 ,40382.00 ,40599.00 ,39561.00 ,210.01M,-1.68%
2022-04-18,40803.00 ,39700.00 ,41095.00 ,38577.00 ,484.26M,2.77%
2022-04-19,41503.00 ,40809.00 ,41746.00 ,40585.00 ,268.28M,1.72%
2022-04-20,41368.00 ,41499.00 ,42203.00 ,40915.00 ,382.84M,-0.33%
2022-04-21,40482.00 ,41370.00 ,42969.00 ,39793.00 ,493.05M,-2.14%
2022-04-22,39709.00 ,40487.00 ,40792.00 ,39200.00 ,421.30M,-1.91%
2022-04-23,39418.00 ,39709.00 ,39973.00 ,39291.00 ,190.60M,-0.73%
2022-04-24,39464.00 ,39434.00 ,39929.00 ,39033.00 ,283.63M,0.12%
2022-04-25,40427.00 ,39464.00 ,40599.00 ,38233.00 ,654.60M,2.44%
2022-04-26,38113.00 ,40443.00 ,40770.00 ,37708.00 ,681.47M,-5.72%
2022-04-27,39243.00 ,38113.00 ,39447.00 ,37869.00 ,426.83M,2.96%
2022-04-28,39748.00 ,39243.00 ,40382.00 ,38888.00 ,542.39M,1.29%
2022-04-29,38581.00 ,39748.00 ,39919.00 ,38175.00 ,382.90M,-2.94%
2022-04-30,37650.00 ,38590.00 ,38776.00 ,37596.00 ,248.22M,-2.41%
2022-05-01,38461.00 ,37642.00 ,38676.00 ,37397.00 ,276.99M,2.15%
2022-05-02,38514.00 ,38472.00 ,39134.00 ,38061.00 ,580.79M,0.14%
2022-05-03,37718.00 ,38515.00 ,38647.00 ,37513.00 ,367.21M,-2.07%
2022-05-04,39688.00 ,37717.00 ,40021.00 ,37660.00 ,691.49M,5.22%
2022-05-05,36544.00 ,39686.00 ,39833.00 ,36183.00 ,1.04B,-7.92%
2022-05-06,36009.00 ,36540.00 ,36646.00 ,35267.00 ,752.84M,-1.46%
2022-05-07,35468.00 ,36003.00 ,36119.00 ,34773.00 ,288.86M,-1.50%
2022-05-08,34060.00 ,35468.00 ,35497.00 ,33727.00 ,671.05M,-3.97%
2022-05-09,30095.00 ,34041.00 ,34227.00 ,30095.00 ,268.09K,-11.64%
2022-05-10,31007.50 ,30098.20 ,32621.20 ,29831.00 ,235.61K,3.03%
2022-05-11,29068.20 ,31008.00 ,32113.60 ,27835.50 ,296.90K,-6.25%
2022-05-12,28976.00 ,29073.40 ,30136.70 ,26500.50 ,309.48K,-0.32%
2022-05-13,29284.40 ,28994.30 ,31002.70 ,28755.00 ,141.23K,1.06%
2022-05-14,30080.40 ,29285.20 ,30277.40 ,28666.70 ,70.46K,2.72%
2022-05-15,31308.70 ,30078.60 ,31383.80 ,29499.40 ,65.44K,4.08%
2022-05-16,29849.00 ,31308.30 ,31312.40 ,29135.80 ,100.25K,-4.66%
2022-05-17,30437.50 ,29856.70 ,30720.10 ,29484.50 ,79.63K,1.97%
2022-05-18,28683.70 ,30437.50 ,30687.90 ,28648.10 ,92.03K,-5.76%
2022-05-19,30305.90 ,28700.40 ,30525.10 ,28682.10 ,101.38K,5.66%
2022-05-20,29178.60 ,30305.90 ,30735.10 ,28738.50 ,98.78K,-3.72%
2022-05-21,29434.60 ,29188.70 ,29623.20 ,28953.90 ,32.27K,0.88%
2022-05-22,30286.60 ,29433.00 ,30462.00 ,29260.10 ,50.60K,2.89%
2022-05-23,29093.30 ,30287.30 ,30644.80 ,28913.60 ,92.10K,-3.94%
2022-05-24,29648.70 ,29091.60 ,29810.80 ,28706.10 ,79.42K,1.91%
2022-05-25,29540.60 ,29648.70 ,30202.30 ,29353.50 ,78.85K,-0.36%
2022-05-26,29203.50 ,29537.90 ,29868.90 ,28077.90 ,126.71K,-1.14%
2022-05-27,28601.20 ,29194.00 ,29377.10 ,28282.20 ,116.41K,-2.06%
2022-05-28,29027.10 ,28620.10 ,29194.40 ,28537.20 ,43.87K,1.49%
2022-05-29,29465.20 ,29027.10 ,29556.50 ,28838.70 ,36.87K,1.51%
2022-05-30,31723.30 ,29465.20 ,32185.60 ,29307.20 ,129.56K,7.66%
2022-05-31,31793.40 ,31730.20 ,32377.50 ,31221.20 ,86.60K,0.22%
2022-06-01,29798.50 ,31793.10 ,31969.90 ,29396.60 ,135.09K,-6.27%
2022-06-02,30455.50 ,29798.60 ,30638.50 ,29604.40 ,81.40K,2.20%
2022-06-03,29700.90 ,30455.70 ,30674.80 ,29330.80 ,72.13K,-2.48%
2022-06-04,29864.30 ,29700.90 ,29963.80 ,29489.50 ,33.51K,0.55%
2022-06-05,29913.00 ,29865.10 ,30166.90 ,29539.00 ,30.33K,0.16%
2022-06-06,31367.60 ,29911.20 ,31753.40 ,29888.60 ,94.01K,4.86%
2022-06-07,31128.80 ,31370.30 ,31556.60 ,29235.00 ,140.32K,-0.76%
2022-06-08,30201.60 ,31127.20 ,31312.10 ,29874.80 ,87.96K,-2.98%
2022-06-09,30097.80 ,30202.10 ,30691.40 ,29953.80 ,61.72K,-0.34%
2022-06-10,29083.30 ,30097.40 ,30325.60 ,28884.90 ,104.26K,-3.37%
2022-06-11,28403.40 ,29083.30 ,29426.60 ,28161.80 ,82.92K,-2.34%
2022-06-12,26606.30 ,28404.00 ,28534.80 ,26606.30 ,120.02K,-6.33%
2022-06-13,22448.00 ,26606.30 ,26857.60 ,22006.30 ,379.26K,-15.63%
2022-06-14,22157.30 ,22449.10 ,23200.30 ,20860.90 ,251.01K,-1.29%
2022-06-15,22577.90 ,22137.50 ,22754.40 ,20125.80 ,280.41K,1.90%
2022-06-16,20386.60 ,22577.90 ,22942.10 ,20231.10 ,144.00K,-9.71%
2022-06-17,20444.60 ,20391.30 ,21315.40 ,20244.10 ,136.27K,0.28%
2022-06-18,18986.50 ,20446.40 ,20744.70 ,17630.50 ,267.25K,-7.13%
2022-06-19,20577.20 ,18983.40 ,20763.50 ,17983.70 ,169.39K,8.38%
2022-06-20,20572.30 ,20576.90 ,20996.80 ,19658.80 ,140.60K,-0.02%
2022-06-21,20720.40 ,20571.60 ,21689.30 ,20371.70 ,136.32K,0.72%
2022-06-22,19965.80 ,20720.20 ,20864.30 ,19780.20 ,125.94K,-3.64%
2022-06-23,21100.70 ,19967.30 ,21189.80 ,19907.50 ,110.70K,5.68%
2022-06-24,21226.90 ,21100.90 ,21488.70 ,20743.90 ,104.56K,0.60%
2022-06-25,21489.90 ,21226.90 ,21553.40 ,20917.50 ,66.63K,1.24%
2022-06-26,21043.50 ,21489.90 ,21837.40 ,20989.70 ,67.21K,-2.08%
2022-06-27,20730.20 ,21037.70 ,21497.50 ,20568.00 ,84.69K,-1.49%
2022-06-28,20278.00 ,20727.90 ,21200.20 ,20210.50 ,83.83K,-2.18%
2022-06-29,20111.30 ,20278.00 ,20415.80 ,19880.70 ,98.97K,-0.82%
2022-06-30,19926.60 ,20111.30 ,20155.10 ,18682.70 ,127.73K,-0.92%
2022-07-01,19262.90 ,19926.60 ,20785.60 ,18980.10 ,150.18K,-3.33%
2022-07-02,19243.20 ,19275.40 ,19425.40 ,19006.40 ,58.57K,-0.10%
2022-07-03,19309.90 ,19243.40 ,19626.40 ,18794.40 ,65.27K,0.35%
2022-07-04,20215.80 ,19310.60 ,20303.80 ,19052.50 ,92.79K,4.69%
2022-07-05,20200.60 ,20215.80 ,20706.90 ,19315.40 ,122.43K,-0.08%
2022-07-06,20561.10 ,20180.40 ,20654.90 ,19785.30 ,105.24K,1.78%
2022-07-07,21637.80 ,20557.90 ,21817.80 ,20282.70 ,115.81K,5.24%
2022-07-08,21611.20 ,21637.10 ,22482.10 ,21207.00 ,439.90K,-0.12%
2022-07-09,21587.50 ,21610.40 ,21944.10 ,21338.40 ,190.11K,-0.11%
2022-07-10,20847.40 ,21587.40 ,21599.20 ,20689.70 ,204.68K,-3.43%
2022-07-11,19963.20 ,20847.20 ,20855.00 ,19897.00 ,160.20K,-4.24%
2022-07-12,19330.90 ,19963.20 ,20051.70 ,19279.60 ,167.91K,-3.17%
2022-07-13,20250.00 ,19331.60 ,20250.80 ,18942.20 ,249.38K,4.75%
2022-07-14,20586.00 ,20250.00 ,20862.20 ,19664.90 ,205.28K,1.66%
2022-07-15,20825.10 ,20586.10 ,21178.10 ,20393.40 ,164.67K,1.16%
2022-07-16,21209.90 ,20825.20 ,21561.30 ,20484.40 ,136.89K,1.85%
2022-07-17,20785.60 ,21209.80 ,21654.40 ,20755.20 ,132.81K,-2.00%
2022-07-18,22525.80 ,20785.60 ,22714.90 ,20770.60 ,279.72K,8.37%
2022-07-19,23410.20 ,22529.30 ,23757.30 ,21581.80 ,308.91K,3.93%
2022-07-20,23215.20 ,23412.00 ,24258.00 ,22944.40 ,281.31K,-0.83%
2022-07-21,23153.00 ,23219.90 ,23403.80 ,22360.20 ,217.08K,-0.27%
2022-07-22,22675.20 ,23150.00 ,23741.40 ,22524.20 ,197.54K,-2.06%
2022-07-23,22460.40 ,22683.60 ,22991.00 ,21971.70 ,137.42K,-0.95%
2022-07-24,22582.10 ,22449.80 ,22987.90 ,22281.30 ,126.66K,0.54%
2022-07-25,21301.90 ,22582.30 ,22653.30 ,21275.40 ,206.93K,-5.67%
2022-07-26,21248.70 ,21301.60 ,21322.30 ,20737.30 ,201.57K,-0.25%
2022-07-27,22958.30 ,21248.00 ,23027.80 ,21047.50 ,242.66K,8.05%
2022-07-28,23850.00 ,22957.70 ,24190.50 ,22611.60 ,268.32K,3.88%
2022-07-29,23774.30 ,23850.20 ,24340.00 ,23451.40 ,221.66K,-0.32%
2022-07-30,23634.20 ,23774.20 ,24605.30 ,23521.80 ,168.72K,-0.59%
2022-07-31,23303.40 ,23634.20 ,24179.30 ,23236.20 ,138.84K,-1.40%
2022-08-01,23271.20 ,23303.40 ,23484.40 ,22863.80 ,162.33K,-0.14%
2022-08-02,22988.60 ,23271.10 ,23423.30 ,22670.80 ,177.30K,-1.21%
2022-08-03,22820.80 ,22988.70 ,23623.70 ,22698.60 ,174.66K,-0.73%
2022-08-04,22612.10 ,22822.20 ,23214.50 ,22438.70 ,181.19K,-0.91%
2022-08-05,23308.20 ,22613.30 ,23447.60 ,22593.50 ,208.90K,3.08%
2022-08-06,22944.20 ,23308.20 ,23344.40 ,22923.60 ,94.44K,-1.56%
2022-08-07,23175.30 ,22944.20 ,23387.70 ,22852.30 ,99.36K,1.01%
2022-08-08,23816.30 ,23175.30 ,24234.10 ,23160.60 ,197.94K,2.77%
2022-08-09,23146.70 ,23818.10 ,23912.00 ,22886.50 ,169.62K,-2.81%
2022-08-10,23962.90 ,23150.30 ,24209.90 ,22714.70 ,243.61K,3.53%
2022-08-11,23935.30 ,23963.30 ,24873.50 ,23864.00 ,285.36K,-0.12%
2022-08-12,24398.70 ,23935.30 ,24440.80 ,23616.40 ,194.96K,1.94%
2022-08-13,24442.50 ,24398.90 ,24882.90 ,24318.70 ,170.59K,0.18%
2022-08-14,24302.80 ,24442.10 ,24997.30 ,24172.20 ,177.25K,-0.57%
2022-08-15,24101.70 ,24303.30 ,25205.70 ,23784.50 ,279.28K,-0.83%
2022-08-16,23856.80 ,24102.60 ,24240.80 ,23693.80 ,201.70K,-1.02%
2022-08-17,23338.00 ,23855.80 ,24423.50 ,23191.60 ,239.53K,-2.17%
2022-08-18,23203.60 ,23337.70 ,23578.00 ,23131.30 ,160.97K,-0.58%
2022-08-19,20831.30 ,23201.60 ,23202.30 ,20807.80 ,339.47K,-10.22%
2022-08-20,21138.90 ,20830.70 ,21357.40 ,20784.80 ,206.94K,1.48%
2022-08-21,21517.20 ,21138.90 ,21692.40 ,21077.40 ,177.52K,1.79%
2022-08-22,21416.30 ,21516.80 ,21517.40 ,20912.10 ,251.83K,-0.47%
2022-08-23,21517.20 ,21416.50 ,21661.00 ,20919.60 ,228.65K,0.47%
2022-08-24,21365.20 ,21516.20 ,21832.30 ,21171.10 ,202.40K,-0.71%
2022-08-25,21565.40 ,21365.40 ,21801.20 ,21324.80 ,190.15K,0.94%
2022-08-26,20249.90 ,21564.20 ,21815.30 ,20122.40 ,322.16K,-6.10%
2022-08-27,20033.90 ,20249.90 ,20343.60 ,19849.80 ,187.34K,-1.07%
2022-08-28,19550.20 ,20034.20 ,20150.80 ,19542.90 ,159.60K,-2.41%
2022-08-29,20295.80 ,19551.30 ,20394.50 ,19551.20 ,248.04K,3.81%
2022-08-30,19792.60 ,20295.60 ,20558.20 ,19559.70 ,308.41K,-2.48%
2022-08-31,20043.90 ,19793.40 ,20469.10 ,19793.40 ,318.17K,1.27%
2022-09-01,20126.10 ,20049.90 ,20202.70 ,19584.40 ,275.08K,0.41%
2022-09-02,19952.70 ,20131.60 ,20428.20 ,19764.70 ,272.22K,-0.86%
2022-09-03,19831.40 ,19952.80 ,20043.80 ,19660.70 ,157.85K,-0.61%
2022-09-04,19999.90 ,19832.20 ,20017.80 ,19594.70 ,158.27K,0.85%
2022-09-05,19793.10 ,19999.90 ,20042.90 ,19650.70 ,238.71K,-1.03%
2022-09-06,18786.40 ,19793.40 ,20169.30 ,18723.30 ,402.43K,-5.09%
2022-09-07,19281.50 ,18786.30 ,19445.90 ,18548.40 ,319.10K,2.64%
2022-09-08,19317.40 ,19281.50 ,19444.70 ,19034.50 ,291.43K,0.19%
2022-09-09,21365.20 ,19318.80 ,21545.70 ,19294.10 ,480.37K,10.60%
2022-09-10,21650.40 ,21363.80 ,21790.60 ,21139.90 ,331.12K,1.33%
2022-09-11,21834.90 ,21650.40 ,21836.40 ,21363.00 ,297.12K,0.85%
2022-09-12,22395.30 ,21836.60 ,22465.40 ,21581.60 ,431.98K,2.57%
2022-09-13,20175.50 ,22395.30 ,22702.50 ,19909.60 ,485.32K,-9.91%
2022-09-14,20222.50 ,20175.50 ,20503.70 ,19654.20 ,374.22K,0.23%
2022-09-15,19701.70 ,20222.30 ,20321.40 ,19532.30 ,358.42K,-2.58%
2022-09-16,19802.40 ,19701.90 ,19883.00 ,19352.90 ,315.59K,0.51%
2022-09-17,20113.50 ,19802.80 ,20178.60 ,19761.00 ,204.58K,1.57%
2022-09-18,19418.80 ,20113.90 ,20113.90 ,19347.70 ,273.11K,-3.45%
2022-09-19,19538.90 ,19417.40 ,19666.60 ,18277.80 ,423.43K,0.62%
2022-09-20,18872.40 ,19538.90 ,19626.30 ,18742.60 ,361.18K,-3.41%
2022-09-21,18489.00 ,18875.10 ,19758.40 ,18191.80 ,446.85K,-2.03%
2022-09-22,19404.00 ,18488.10 ,19490.90 ,18371.00 ,448.63K,4.95%
2022-09-23,19293.50 ,19404.10 ,19477.30 ,18554.80 ,431.15K,-0.57%
2022-09-24,18925.20 ,19288.40 ,19310.60 ,18812.00 ,258.50K,-1.91%
2022-09-25,18803.20 ,18925.10 ,19125.10 ,18659.60 ,209.71K,-0.64%
2022-09-26,19225.70 ,18803.10 ,19304.80 ,18695.20 ,516.03K,2.25%
2022-09-27,19081.00 ,19228.80 ,20361.20 ,18850.40 ,660.12K,-0.75%
2022-09-28,19411.00 ,19083.40 ,19757.80 ,18505.30 ,581.19K,1.73%
2022-09-29,19593.00 ,19420.20 ,19631.50 ,18877.90 ,449.57K,0.94%
2022-09-30,19423.00 ,19593.40 ,20174.90 ,19208.90 ,490.29K,-0.87%
2022-10-01,19311.90 ,19422.90 ,19480.30 ,19172.60 ,173.91K,-0.57%
2022-10-02,19052.20 ,19311.90 ,19389.90 ,18937.30 ,222.82K,-1.34%
2022-10-03,19628.30 ,19057.60 ,19676.00 ,19001.30 ,333.03K,3.02%
2022-10-04,20340.20 ,19629.70 ,20436.10 ,19506.40 ,368.17K,3.63%
2022-10-05,20157.50 ,20340.50 ,20353.80 ,19761.70 ,352.76K,-0.90%
2022-10-06,19956.70 ,20157.50 ,20436.70 ,19873.70 ,370.60K,-1.00%
2022-10-07,19531.30 ,19962.40 ,20051.40 ,19352.10 ,263.50K,-2.13%
2022-10-08,19415.00 ,19530.20 ,19612.20 ,19274.70 ,113.50K,-0.60%
2022-10-09,19441.00 ,19416.30 ,19552.10 ,19329.60 ,127.53K,0.13%
2022-10-10,19134.60 ,19441.70 ,19520.70 ,19057.00 ,243.77K,-1.58%
2022-10-11,19059.10 ,19134.30 ,19261.30 ,18868.70 ,288.57K,-0.39%
2022-10-12,19154.80 ,19058.50 ,19212.60 ,19010.60 ,242.18K,0.50%
2022-10-13,19379.80 ,19154.60 ,19494.40 ,18207.90 ,455.13K,1.17%
2022-10-14,19181.80 ,19379.80 ,19933.90 ,19098.60 ,400.45K,-1.02%
2022-10-15,19068.70 ,19181.70 ,19218.70 ,19000.80 ,123.66K,-0.59%
2022-10-16,19261.90 ,19068.80 ,19411.90 ,19066.00 ,140.95K,1.01%
2022-10-17,19548.20 ,19262.20 ,19663.50 ,19163.60 ,248.40K,1.49%
2022-10-18,19328.20 ,19548.40 ,19692.90 ,19102.80 ,290.07K,-1.13%
2022-10-19,19123.90 ,19328.20 ,19358.60 ,19101.20 ,209.28K,-1.06%
2022-10-20,19042.90 ,19125.10 ,19334.50 ,18935.60 ,253.20K,-0.42%
2022-10-21,19162.60 ,19042.90 ,19245.50 ,18703.30 ,294.66K,0.63%
2022-10-22,19204.80 ,19162.60 ,19249.90 ,19116.10 ,118.24K,0.22%
2022-10-23,19571.20 ,19204.80 ,19680.90 ,19092.50 ,180.63K,1.91%
2022-10-24,19331.50 ,19571.20 ,19588.60 ,19177.20 ,286.94K,-1.22%
2022-10-25,20082.70 ,19331.80 ,20406.90 ,19249.00 ,371.54K,3.89%
2022-10-26,20769.50 ,20086.80 ,20981.50 ,20062.90 ,427.99K,3.42%
2022-10-27,20292.90 ,20769.50 ,20867.90 ,20231.60 ,365.49K,-2.29%
2022-10-28,20594.40 ,20293.00 ,20744.00 ,20058.20 ,318.90K,1.49%
2022-10-29,20809.80 ,20594.20 ,21038.10 ,20561.90 ,276.54K,1.05%
2022-10-30,20626.30 ,20809.40 ,20922.30 ,20522.50 ,207.63K,-0.88%
2022-10-31,20496.30 ,20626.00 ,20822.40 ,20260.00 ,327.47K,-0.63%